id,title,severity,status,createdAt,resolvedAt,mttr,affectedServices,rootComponent,triggeredBy,resolvedBy,errorCode,customerImpact,summary,team,similarIncidents,region
INC-3204,Azure Event Hub — Throughput Degradation North EU,Sev2,Mitigating,2025-03-06T08:00:00Z,,,svc-evhub,comp-evhubNS,CR-9870,,EventHubThrottlingException — PartitionRebalance,"~4,400 customers — message delivery delay >90s",Partition scale-up CR-9870 triggered consumer group rebalance across all NS in North EU.,team-msg,INC-2701,North EU
INC-2847,Azure Storage Latency Spike — East US 2,Sev2,Resolved,2025-03-05T15:10:00Z,2025-03-05T15:48:00Z,38 min,svc-storage|svc-appSvc,comp-storageRP,CR-9921,TSG-441,StorageRequestFailed-503,"~12,000 customers — elevated latency P99 >4s on blob read ops",Connection pool exhausted after CR-9921 set maxPoolSize too low.,team-storage,INC-2511|INC-2203,East US 2
INC-2856,CDN POP — Traffic Spike Causing Eviction — East US,Sev0,Active,2025-03-05T12:00:00.000Z,,,svc-cdn|svc-storage,comp-cdnPOP,,TSG-248,CDN-CacheEviction,"~359,631 customers — Cache hit ratio drops to 20% — origin overloaded",Cache hit ratio drops to 20% — origin overloaded. Root component: comp-cdnPOP. Resolved using TSG-248.,team-net,INC-2005,East US
INC-2889,ACR — Geo-Replication Sync Lag > 10min — West US 2,Sev2,Active,2025-03-05T12:00:00.000Z,,,svc-acr,comp-acrGeo,CR-9837,TSG-241,ACR-GeoSyncTimeout,"~23,561 customers — Cross-region image availability degraded — DR runbooks at risk",Cross-region image availability degraded — DR runbooks at risk. Root component: comp-acrGeo. Triggered by CR-9837. Resolved using TSG-241.,team-containers,INC-1746|INC-2027,West US 2
INC-3734,APIM Developer Portal — Identity Login Broken — Southeast Asia,Sev1,Resolved,2025-03-05T12:00:00.000Z,2025-03-05T13:33:00.000Z,93 min,svc-apim|svc-lb|svc-redis,comp-apimPortal,,TSG-248,APIM-Portal-OIDCFailed,"~86,755 customers — External developers unable to test APIs — partner escalation",External developers unable to test APIs — partner escalation. Root component: comp-apimPortal. Resolved using TSG-248.,team-net,INC-2627,East US 2
INC-1556,Redis — Cluster Shard Rebalancing Timeout — East US,Sev2,Resolved,2025-03-04T12:00:00.000Z,2025-03-04T12:39:00.000Z,39 min,svc-redis|svc-aad,comp-redisCluster,,,Redis-CLUSTERDOWN,"~15,544 customers — Cache unavailable during rebalancing — DB hit rate spikes 10×",Cache unavailable during rebalancing — DB hit rate spikes 10×. Root component: comp-redisCluster.,team-cache,INC-3488,East US
INC-1907,AKS — Node Pool OOM Eviction Storm — Australia East,Sev4,Resolved,2025-03-04T12:00:00.000Z,2025-03-04T12:30:00.000Z,30 min,svc-aks,comp-aksNodepool,CR-9825,,AKS-OOMEviction,~171 customers — Pods evicted across multiple nodes — service disruption,Pods evicted across multiple nodes — service disruption. Root component: comp-aksNodepool. Triggered by CR-9825.,team-containers,INC-1233,West US 2
INC-2167,CDN — Cache Purge Propagation Delay — North EU,Sev3,Resolved,2025-03-04T12:00:00.000Z,2025-03-04T12:37:00.000Z,37 min,svc-cdn,comp-cdnPOP,CR-9831,TSG-227,CDN-PurgeTimeout,"~1,138 customers — Stale content served after deployment — 5% of users seeing old UI",Stale content served after deployment — 5% of users seeing old UI. Root component: comp-cdnPOP. Triggered by CR-9831. Resolved using TSG-227.,team-net,INC-1092,West US 2
INC-2410,Functions — Storage Trigger Polling Lag — Japan East,Sev2,Mitigating,2025-03-04T12:00:00.000Z,,,svc-functions|svc-storage|svc-cosmos,comp-funcHost,CR-9789,TSG-265,Functions-StorageTriggerLag,"~4,436 customers — Blob-triggered functions delayed 10–20min — batch pipelines impacted",Blob-triggered functions delayed 10–20min — batch pipelines impacted. Root component: comp-funcHost. Triggered by CR-9789. Resolved using TSG-265.,team-apps,INC-1573,East US
INC-2962,ADO — Artifact Feed Unavailable — West US 2,Sev4,Resolved,2025-03-04T12:00:00.000Z,2025-03-04T12:18:00.000Z,18 min,svc-ado,comp-adoPipeline,,TSG-234,NuGet-503,~39 customers — Package restore failures blocking all builds,Package restore failures blocking all builds. Root component: comp-adoPipeline. Resolved using TSG-234.,team-ado,,Australia East
INC-3323,AAD — Conditional Access Policy Loop — West US 2,Sev3,Resolved,2025-03-04T12:00:00.000Z,2025-03-04T12:19:00.000Z,19 min,svc-aad|svc-cosmos,comp-aadSTS,,TSG-195,AADSTS53003,~341 customers — MFA loop for enterprise tenants — users locked out,MFA loop for enterprise tenants — users locked out. Root component: comp-aadSTS. Resolved using TSG-195.,team-aad,INC-2714|INC-3021,North EU
INC-2901,Azure Active Directory — Auth Token Issuance Failures,Sev1,Resolved,2025-03-04T10:15:00Z,2025-03-04T11:42:00Z,87 min,svc-aad|svc-ado|svc-keyvault,comp-aadSTS,CR-9921,TSG-382,AADSTS700016,"~85,000 enterprise users — SSO failures across M365, Azure portal, DevOps",Cert rotation CR-9904 introduced chain mismatch. 23% of auth requests rejected.,team-aad,INC-2441|INC-1988,Global
INC-3156,Azure App Service — 503 Errors on Dependent SQL Tier,Sev3,Resolved,2025-03-03T12:30:00Z,2025-03-03T13:20:00Z,50 min,svc-appSvc,comp-appPlan,,TSG-271,HTTP 503 — UpstreamConnectionFailure,"~8,200 customers — App Service 503s on DB requests",Downstream from INC-3012. Worker SQL pools exhausted during TLS fix window.,team-apps,INC-3012,West US 2
INC-3012,Azure SQL — TLS Handshake Timeout Cascade,Sev2,Resolved,2025-03-03T12:05:00Z,2025-03-03T13:10:00Z,65 min,svc-sql|svc-appSvc|svc-ado,comp-sqlGW,CR-9887,TSG-319,SSL_ERROR_HANDSHAKE_FAILURE,"~31,000 developers — CI/CD SQL checks failing",TLS 1.3 rollout introduced cipher incompatibility with legacy JDBC drivers.,team-sql,INC-2788,East US
INC-2985,ACR — Image Pull Failures East US — Australia East,Sev2,Resolved,2025-03-03T12:00:00.000Z,2025-03-03T13:08:00.000Z,68 min,svc-acr|svc-ado|svc-aks,comp-acrRegistry,,TSG-241,ACR-ManifestNotFound,"~19,092 customers — AKS pods failing to pull images — deployment rollouts blocked",AKS pods failing to pull images — deployment rollouts blocked. Root component: comp-acrRegistry. Resolved using TSG-241.,team-containers,INC-2558|INC-2447|INC-2586,North EU
INC-1386,AKS — CoreDNS Resolution Failures — West US 2,Sev2,Mitigating,2025-03-02T12:00:00.000Z,,,svc-aks|svc-monitor,comp-aksCP,,TSG-301,AKS-DNSResolutionFailure,"~20,036 customers — Inter-pod service discovery broken — microservices can't connect",Inter-pod service discovery broken — microservices can't connect. Root component: comp-aksCP. Resolved using TSG-301.,team-containers,,East US
INC-1720,Cosmos DB — Replication Lag > 5s — UK South,Sev4,Resolved,2025-03-02T12:00:00.000Z,2025-03-02T12:11:00.000Z,11 min,svc-cosmos,comp-cosmosRU,CR-9771,TSG-309,CosmosDB-ConsistencyViolation,~51 customers — Multi-region reads returning stale data — financial integrity risk,Multi-region reads returning stale data — financial integrity risk. Root component: comp-cosmosRU. Triggered by CR-9771. Resolved using TSG-309.,team-cosmos,,Japan East
INC-3311,AKS — Upgrade Version Skew Crash — East US 2,Sev2,Active,2025-03-02T12:00:00.000Z,,,svc-aks|svc-lb,comp-aksCP,CR-9894,TSG-301,AKS-VersionSkewError,"~1,106 customers — Mixed node versions causing scheduler failures",Mixed node versions causing scheduler failures. Root component: comp-aksCP. Triggered by CR-9894. Resolved using TSG-301.,team-containers,,East US 2
INC-3310,AKS Control Plane — API Server Unavailable West US 2,Sev1,Resolved,2025-03-02T07:30:00Z,2025-03-02T08:32:00Z,62 min,svc-aks|svc-acr|svc-aad,comp-aksCP,CR-9855,TSG-301,AKS-APIServerTimeout,"~18,000 developers — kubectl and deployments frozen for 62min",AKS 1.28 upgrade introduced control plane version skew. Rollback applied.,team-containers,INC-2901,West US 2
INC-1229,Azure Monitor — Alert Processing Delay > 10min — Australia East,Sev4,Resolved,2025-03-01T12:00:00.000Z,2025-03-01T12:25:00.000Z,25 min,svc-monitor,comp-monAlert,CR-9759,TSG-221,AlertEvalBacklog,~32 customers — Critical alerts firing 10-45min late — SLO at risk,Critical alerts firing 10-45min late — SLO at risk. Root component: comp-monAlert. Triggered by CR-9759. Resolved using TSG-221.,team-obs,INC-1023,North EU
INC-2640,Redis — Memory Eviction Storm — Japan East,Sev3,Resolved,2025-03-01T12:00:00.000Z,2025-03-01T12:29:00.000Z,29 min,svc-redis|svc-appSvc,comp-redisCluster,CR-9837,,Redis-OOM-MaxMemory,"~3,697 customers — Hot keys evicted — session data lost for ~5% active users",Hot keys evicted — session data lost for ~5% active users. Root component: comp-redisCluster. Triggered by CR-9837.,team-cache,INC-1342,East US 2
INC-3115,Logic Apps — Trigger Recurrence Drift — Australia East,Sev3,Resolved,2025-03-01T12:00:00.000Z,2025-03-01T12:30:00.000Z,30 min,svc-logicapps,comp-logicEngine,CR-9807,TSG-214,LogicApps-RecurrenceDrift,"~1,722 customers — Scheduled workflows running late by up to 45min",Scheduled workflows running late by up to 45min. Root component: comp-logicEngine. Triggered by CR-9807. Resolved using TSG-214.,team-apps,INC-2226|INC-1416,Australia East
INC-3401,Cosmos DB — RU Throttling Cascade on Hot Partition,Sev2,Resolved,2025-02-28T14:20:00Z,2025-02-28T14:50:00Z,30 min,svc-cosmos|svc-functions|svc-appSvc,comp-cosmosRU,CR-9840,TSG-309,CosmosDB-429-TooManyRequests,"~22,000 customers — document writes throttled, app backpressure",Index policy change increased RU cost per write 3×. Hot partition exceeded provisioned throughput.,team-cosmos,INC-2847,East US
INC-1575,Cosmos Gateway — TLS Handshake Failure — Australia East,Sev3,Resolved,2025-02-28T12:00:00.000Z,2025-02-28T12:18:00.000Z,18 min,svc-cosmos,comp-cosmosGW,,TSG-309,CosmosGW-TLS-Error,"~1,960 customers — SDK connections failing — apps unable to connect to Cosmos",SDK connections failing — apps unable to connect to Cosmos. Root component: comp-cosmosGW. Resolved using TSG-309.,team-cosmos,,East US
INC-2916,Logic Apps — Trigger Recurrence Drift — North EU,Sev3,Resolved,2025-02-28T12:00:00.000Z,2025-02-28T12:22:00.000Z,22 min,svc-logicapps|svc-storage|svc-svcbus,comp-logicEngine,CR-9759,,LogicApps-RecurrenceDrift,"~2,213 customers — Scheduled workflows running late by up to 45min",Scheduled workflows running late by up to 45min. Root component: comp-logicEngine. Triggered by CR-9759.,team-apps,INC-2440|INC-2083|INC-2487,Southeast Asia
INC-3390,Azure DevOps — Git Push Timeout — Southeast Asia,Sev4,Resolved,2025-02-28T12:00:00.000Z,2025-02-28T12:18:00.000Z,18 min,svc-ado|svc-aad,comp-adoGit,CR-9828,TSG-234,GitPackTimeout,~362 customers — Large repo pushes timing out — developers blocked,Large repo pushes timing out — developers blocked. Root component: comp-adoGit. Triggered by CR-9828. Resolved using TSG-234.,team-ado,INC-1853,East US 2
INC-3633,Functions — Storage Trigger Polling Lag — Southeast Asia,Sev0,Resolved,2025-02-28T12:00:00.000Z,2025-02-28T15:59:00.000Z,239 min,svc-functions,comp-funcHost,CR-9834,TSG-265,Functions-StorageTriggerLag,"~109,641 customers — Blob-triggered functions delayed 10–20min — batch pipelines impacted",Blob-triggered functions delayed 10–20min — batch pipelines impacted. Root component: comp-funcHost. Triggered by CR-9834. Resolved using TSG-265.,team-apps,INC-1213|INC-2684|INC-2602,Australia East
INC-1573,ACR — Geo-Replication Sync Lag > 10min — East US,Sev4,Mitigating,2025-02-27T12:00:00.000Z,,,svc-acr,comp-acrGeo,,TSG-241,ACR-GeoSyncTimeout,~212 customers — Cross-region image availability degraded — DR runbooks at risk,Cross-region image availability degraded — DR runbooks at risk. Root component: comp-acrGeo. Resolved using TSG-241.,team-containers,INC-1045|INC-1542|INC-1475,Japan East
INC-1561,Storage RP — Throttling on PUT Operations — UK South,Sev4,Resolved,2025-02-26T12:00:00.000Z,2025-02-26T12:20:00.000Z,20 min,svc-storage,comp-storageRP,,,ThrottlingError-429,~94 customers — Batch upload jobs failing with throttle errors,Batch upload jobs failing with throttle errors. Root component: comp-storageRP.,team-storage,INC-1144|INC-1116|INC-1207,East US
INC-2690,Storage RP — Throttling on PUT Operations — East US,Sev3,Active,2025-02-26T12:00:00.000Z,,,svc-storage,comp-storageRP,CR-9780,TSG-441,ThrottlingError-429,~896 customers — Batch upload jobs failing with throttle errors,Batch upload jobs failing with throttle errors. Root component: comp-storageRP. Triggered by CR-9780. Resolved using TSG-441.,team-storage,,Southeast Asia
INC-2935,Logic Apps — OAuth Token Expiry Loop — East US,Sev4,Resolved,2025-02-26T12:00:00.000Z,2025-02-26T12:10:00.000Z,10 min,svc-logicapps|svc-svcbus,comp-logicConn,,TSG-214,LogicApps-AuthExpired,~113 customers — Automated workflows paused — IT approval workflows broken,Automated workflows paused — IT approval workflows broken. Root component: comp-logicConn. Resolved using TSG-214.,team-apps,INC-1347,West US 2
INC-3147,Key Vault — Access Policy Propagation Delay — East US 2,Sev2,Mitigating,2025-02-26T12:00:00.000Z,,,svc-keyvault|svc-evhub,comp-kvRP,,TSG-255,Forbidden-403,"~8,439 customers — New app identities unable to access secrets after RBAC grant",New app identities unable to access secrets after RBAC grant. Root component: comp-kvRP. Resolved using TSG-255.,team-sec,INC-1313,Southeast Asia
INC-2216,Service Bus — Session Lock Expiry Storm — North EU,Sev3,Resolved,2025-02-25T12:00:00.000Z,2025-02-25T12:48:00.000Z,48 min,svc-svcbus,comp-svcbusBroker,CR-9786,TSG-258,ServiceBus-SessionLockLost,"~3,847 customers — Competing consumers stealing sessions — duplicate processing risk",Competing consumers stealing sessions — duplicate processing risk. Root component: comp-svcbusBroker. Triggered by CR-9786. Resolved using TSG-258.,team-msg,,North EU
INC-3488,Redis Cache — Cluster Rebalancing Memory Eviction Storm,Sev2,Resolved,2025-02-25T09:45:00Z,2025-02-25T10:25:00Z,40 min,svc-redis|svc-appSvc|svc-functions,comp-redisCluster,CR-9830,TSG-279,Redis-OOM-MaxMemory,"~9,500 customers — session data lost, cache miss storm hitting SQL",Shard rebalancing CR triggered eviction storm. SQL hit rate spiked 10×.,team-cache,INC-3012,East US 2
INC-1327,Redis — Memory Eviction Storm — East US,Sev4,Resolved,2025-02-24T12:00:00.000Z,2025-02-24T12:09:00.000Z,9 min,svc-redis,comp-redisCluster,,TSG-279,Redis-OOM-MaxMemory,~336 customers — Hot keys evicted — session data lost for ~5% active users,Hot keys evicted — session data lost for ~5% active users. Root component: comp-redisCluster. Resolved using TSG-279.,team-cache,INC-1194|INC-1128|INC-1138,North EU
INC-1073,Cosmos DB — Replication Lag > 5s — East US,Sev2,Resolved,2025-02-23T12:00:00.000Z,2025-02-23T12:21:00.000Z,21 min,svc-cosmos|svc-aad|svc-appSvc,comp-cosmosRU,,TSG-309,CosmosDB-ConsistencyViolation,"~4,690 customers — Multi-region reads returning stale data — financial integrity risk",Multi-region reads returning stale data — financial integrity risk. Root component: comp-cosmosRU. Resolved using TSG-309.,team-cosmos,,Southeast Asia
INC-1617,Service Bus — Session Lock Expiry Storm — Japan East,Sev3,Mitigating,2025-02-23T12:00:00.000Z,,,svc-svcbus|svc-logicapps,comp-svcbusBroker,,TSG-258,ServiceBus-SessionLockLost,~245 customers — Competing consumers stealing sessions — duplicate processing risk,Competing consumers stealing sessions — duplicate processing risk. Root component: comp-svcbusBroker. Resolved using TSG-258.,team-msg,INC-1590|INC-3204|INC-1573,Southeast Asia
INC-2931,Azure SQL — TLS Handshake Timeout Cascade — East US,Sev3,Resolved,2025-02-23T12:00:00.000Z,2025-02-23T12:42:00.000Z,42 min,svc-sql|svc-ado,comp-sqlGW,CR-9864,TSG-319,SSL_ERROR_HANDSHAKE_FAILURE,"~1,226 customers — CI/CD pipeline SQL checks failing — connection pool exhaustion",CI/CD pipeline SQL checks failing — connection pool exhaustion. Root component: comp-sqlGW. Triggered by CR-9864. Resolved using TSG-319.,team-sql,INC-2551|INC-1943,Japan East
INC-3132,Redis — Memory Eviction Storm — North EU,Sev0,Resolved,2025-02-23T12:00:00.000Z,2025-02-23T15:30:00.000Z,210 min,svc-redis|svc-appSvc|svc-functions,comp-redisCluster,CR-9855,TSG-279,Redis-OOM-MaxMemory,"~344,052 customers — Hot keys evicted — session data lost for ~5% active users",Hot keys evicted — session data lost for ~5% active users. Root component: comp-redisCluster. Triggered by CR-9855. Resolved using TSG-279.,team-cache,INC-2027|INC-2581,East US 2
INC-2021,Monitor — Log Analytics Ingestion Lag — West US 2,Sev3,Mitigating,2025-02-22T12:00:00.000Z,,,svc-monitor,comp-logAnalytics,,,IngestionLag,"~2,381 customers — Dashboards showing stale data — oncall missing signals",Dashboards showing stale data — oncall missing signals. Root component: comp-logAnalytics.,team-obs,INC-1411|INC-1017,North EU
INC-2027,AKS — Upgrade Version Skew Crash — Southeast Asia,Sev4,Resolved,2025-02-22T12:00:00.000Z,2025-02-22T12:23:00.000Z,23 min,svc-aks|svc-lb|svc-acr,comp-aksCP,,,AKS-VersionSkewError,~278 customers — Mixed node versions causing scheduler failures,Mixed node versions causing scheduler failures. Root component: comp-aksCP.,team-containers,INC-1494|INC-1976|INC-1891,Japan East
INC-2451,LB — Backend Pool Drain During Deployment — UK South,Sev1,Resolved,2025-02-22T12:00:00.000Z,2025-02-22T13:41:00.000Z,101 min,svc-lb|svc-appSvc,comp-lbBackend,CR-9792,TSG-227,LB-BackendDrainTimeout,"~94,833 customers — Zero-downtime deployment stalled — old pods receiving traffic",Zero-downtime deployment stalled — old pods receiving traffic. Root component: comp-lbBackend. Triggered by CR-9792. Resolved using TSG-227.,team-net,,Australia East
INC-3014,Azure Files — SMB Mount Failures — East US,Sev4,Active,2025-02-22T12:00:00.000Z,,,svc-storage|svc-functions,comp-storageFE,CR-9924,TSG-441,SMBMountFailed-53,~140 customers — Azure Files shares unmountable from VMs,Azure Files shares unmountable from VMs. Root component: comp-storageFE. Triggered by CR-9924. Resolved using TSG-441.,team-storage,INC-1913,Southeast Asia
INC-2479,Storage Frontend — Nginx Worker OOM — Australia East,Sev4,Resolved,2025-02-21T12:00:00.000Z,2025-02-21T12:15:00.000Z,15 min,svc-storage|svc-cdn,comp-storageFE,,TSG-441,OOMKiller-nginx,~334 customers — Storage frontend crashes — intermittent 502s,Storage frontend crashes — intermittent 502s. Root component: comp-storageFE. Resolved using TSG-441.,team-storage,INC-1873|INC-1547,UK South
INC-2941,AKS — Node Pool OOM Eviction Storm — Southeast Asia,Sev3,Resolved,2025-02-21T12:00:00.000Z,2025-02-21T12:49:00.000Z,49 min,svc-aks,comp-aksNodepool,CR-9837,,AKS-OOMEviction,"~3,333 customers — Pods evicted across multiple nodes — service disruption",Pods evicted across multiple nodes — service disruption. Root component: comp-aksNodepool. Triggered by CR-9837.,team-containers,,East US 2
INC-3437,Cosmos Gateway — TLS Handshake Failure — UK South,Sev2,Resolved,2025-02-21T12:00:00.000Z,2025-02-21T13:23:00.000Z,83 min,svc-cosmos|svc-aad|svc-appSvc,comp-cosmosGW,CR-9903,,CosmosGW-TLS-Error,"~18,007 customers — SDK connections failing — apps unable to connect to Cosmos",SDK connections failing — apps unable to connect to Cosmos. Root component: comp-cosmosGW. Triggered by CR-9903.,team-cosmos,INC-3125,North EU
INC-1782,App Service — 503 Errors on Downstream SQL — East US,Sev1,Resolved,2025-02-20T12:00:00.000Z,2025-02-20T14:07:00.000Z,127 min,svc-appSvc|svc-storage|svc-aad,comp-appPlan,CR-9909,TSG-271,UpstreamConnectionFailure,"~17,895 customers — App Service apps returning 503 on DB-bound requests",App Service apps returning 503 on DB-bound requests. Root component: comp-appPlan. Triggered by CR-9909. Resolved using TSG-271.,team-apps,,Australia East
INC-2161,Event Hub Broker — Message Loss on Failover — Southeast Asia,Sev1,Resolved,2025-02-20T12:00:00.000Z,2025-02-20T13:43:00.000Z,103 min,svc-evhub|svc-monitor,comp-evhubBroker,,,MessageLoss-GeoFailover,"~21,680 customers — ~0.02% message loss during regional failover test",~0.02% message loss during regional failover test. Root component: comp-evhubBroker.,team-msg,INC-1257|INC-1128|INC-1575,Southeast Asia
INC-2950,Logic Apps — OAuth Token Expiry Loop — Japan East,Sev3,Resolved,2025-02-20T12:00:00.000Z,2025-02-20T12:21:00.000Z,21 min,svc-logicapps|svc-svcbus,comp-logicConn,,TSG-214,LogicApps-AuthExpired,"~4,775 customers — Automated workflows paused — IT approval workflows broken",Automated workflows paused — IT approval workflows broken. Root component: comp-logicConn. Resolved using TSG-214.,team-apps,INC-1750,Japan East
INC-1003,App Service — 503 Errors on Downstream SQL — East US 2,Sev3,Resolved,2025-02-19T12:00:00.000Z,2025-02-19T12:35:00.000Z,35 min,svc-appSvc,comp-appPlan,,TSG-271,UpstreamConnectionFailure,"~2,846 customers — App Service apps returning 503 on DB-bound requests",App Service apps returning 503 on DB-bound requests. Root component: comp-appPlan. Resolved using TSG-271.,team-apps,INC-3310|INC-2847|INC-3156,East US
INC-1943,CDN POP — Traffic Spike Causing Eviction — North EU,Sev4,Mitigating,2025-02-19T12:00:00.000Z,,,svc-cdn|svc-storage,comp-cdnPOP,CR-9903,,CDN-CacheEviction,~137 customers — Cache hit ratio drops to 20% — origin overloaded,Cache hit ratio drops to 20% — origin overloaded. Root component: comp-cdnPOP. Triggered by CR-9903.,team-net,INC-1556,UK South
INC-3078,Event Hub Broker — Message Loss on Failover — Southeast Asia,Sev3,Resolved,2025-02-19T12:00:00.000Z,2025-02-19T12:37:00.000Z,37 min,svc-evhub|svc-keyvault|svc-monitor,comp-evhubBroker,,TSG-288,MessageLoss-GeoFailover,"~3,795 customers — ~0.02% message loss during regional failover test",~0.02% message loss during regional failover test. Root component: comp-evhubBroker. Resolved using TSG-288.,team-msg,,Southeast Asia
INC-2110,Storage RP — Throttling on PUT Operations — Japan East,Sev2,Resolved,2025-02-18T12:00:00.000Z,2025-02-18T12:50:00.000Z,50 min,svc-storage,comp-storageRP,,TSG-208,ThrottlingError-429,"~23,572 customers — Batch upload jobs failing with throttle errors",Batch upload jobs failing with throttle errors. Root component: comp-storageRP. Resolved using TSG-208.,team-storage,,Southeast Asia
INC-2247,App Service — Autoscale Not Triggering — Australia East,Sev2,Resolved,2025-02-18T12:00:00.000Z,2025-02-18T13:07:00.000Z,67 min,svc-appSvc,comp-appPlan,CR-9918,,AutoscaleDecisionDelay,"~2,320 customers — Traffic spike absorbing all instances — high error rate",Traffic spike absorbing all instances — high error rate. Root component: comp-appPlan. Triggered by CR-9918.,team-apps,INC-1279,Southeast Asia
INC-1285,Cosmos DB — Index Policy Rebuild Timeout — East US,Sev1,Active,2025-02-17T12:00:00.000Z,,,svc-cosmos,comp-cosmosRU,,TSG-309,CosmosDB-IndexBuildTimeout,"~51,861 customers — Queries returning full scans — 100× latency increase",Queries returning full scans — 100× latency increase. Root component: comp-cosmosRU. Resolved using TSG-309.,team-cosmos,INC-1121|INC-1128,Southeast Asia
INC-1512,SQL Gateway — Memory Pressure OOM — North EU,Sev3,Mitigating,2025-02-17T12:00:00.000Z,,,svc-sql|svc-appSvc|svc-ado,comp-sqlGW,CR-9915,TSG-319,SQLGateway-OOM,"~3,807 customers — Gateway process crash — connection reset on all clients",Gateway process crash — connection reset on all clients. Root component: comp-sqlGW. Triggered by CR-9915. Resolved using TSG-319.,team-sql,INC-1023|INC-1207|INC-1475,UK South
INC-1604,AKS — Node Pool OOM Eviction Storm — East US,Sev0,Resolved,2025-02-17T12:00:00.000Z,2025-02-17T18:04:00.000Z,364 min,svc-aks|svc-keyvault|svc-aad,comp-aksNodepool,CR-9915,TSG-301,AKS-OOMEviction,"~109,020 customers — Pods evicted across multiple nodes — service disruption",Pods evicted across multiple nodes — service disruption. Root component: comp-aksNodepool. Triggered by CR-9915. Resolved using TSG-301.,team-containers,INC-1170,Japan East
INC-2235,App Service — 503 Errors on Downstream SQL — North EU,Sev0,Mitigating,2025-02-16T12:00:00.000Z,,,svc-appSvc|svc-storage|svc-sql,comp-appPlan,CR-9906,,UpstreamConnectionFailure,"~393,016 customers — App Service apps returning 503 on DB-bound requests",App Service apps returning 503 on DB-bound requests. Root component: comp-appPlan. Triggered by CR-9906.,team-apps,INC-1684,East US
INC-3277,Event Hub — Partition Rebalancing Storm — Australia East,Sev3,Mitigating,2025-02-16T12:00:00.000Z,,,svc-evhub,comp-evhubNS,CR-9759,TSG-288,PartitionRebalanceTimeout,"~2,315 customers — Consumer disconnections during namespace scale-up",Consumer disconnections during namespace scale-up. Root component: comp-evhubNS. Triggered by CR-9759. Resolved using TSG-288.,team-msg,INC-2447,Australia East
INC-1332,App Service — 503 Errors on Downstream SQL — UK South,Sev1,Active,2025-02-15T12:00:00.000Z,,,svc-appSvc|svc-redis,comp-appPlan,CR-9756,TSG-271,UpstreamConnectionFailure,"~59,124 customers — App Service apps returning 503 on DB-bound requests",App Service apps returning 503 on DB-bound requests. Root component: comp-appPlan. Triggered by CR-9756. Resolved using TSG-271.,team-apps,INC-2847|INC-1244|INC-1099,Australia East
INC-2440,Key Vault HSM — Failover Latency Spike — Southeast Asia,Sev3,Resolved,2025-02-15T12:00:00.000Z,2025-02-15T12:14:00.000Z,14 min,svc-keyvault|svc-aad|svc-storage,comp-kvHSM,CR-9768,TSG-255,KeyVaultError-HSMTimeout,"~4,633 customers — Secret retrieval P99 > 8s — apps timing out on startup",Secret retrieval P99 > 8s — apps timing out on startup. Root component: comp-kvHSM. Triggered by CR-9768. Resolved using TSG-255.,team-sec,INC-2314,UK South
INC-3354,Azure SQL — TLS Handshake Timeout Cascade — West US 2,Sev4,Mitigating,2025-02-15T12:00:00.000Z,,,svc-sql|svc-appSvc,comp-sqlGW,CR-9852,TSG-319,SSL_ERROR_HANDSHAKE_FAILURE,~312 customers — CI/CD pipeline SQL checks failing — connection pool exhaustion,CI/CD pipeline SQL checks failing — connection pool exhaustion. Root component: comp-sqlGW. Triggered by CR-9852. Resolved using TSG-319.,team-sql,INC-1052,Southeast Asia
INC-1494,CDN — Cache Purge Propagation Delay — East US,Sev2,Mitigating,2025-02-14T12:00:00.000Z,,,svc-cdn|svc-storage,comp-cdnPOP,,TSG-234,CDN-PurgeTimeout,"~24,502 customers — Stale content served after deployment — 5% of users seeing old UI",Stale content served after deployment — 5% of users seeing old UI. Root component: comp-cdnPOP. Resolved using TSG-234.,team-net,,North EU
INC-2684,CDN — Origin Shield SSL Negotiation Failure — North EU,Sev2,Resolved,2025-02-14T12:00:00.000Z,2025-02-14T12:29:00.000Z,29 min,svc-cdn,comp-cdnOrigin,CR-9813,,CDN-OriginSSLError,"~12,375 customers — CDN unable to fetch from origin — all requests returning 502",CDN unable to fetch from origin — all requests returning 502. Root component: comp-cdnOrigin. Triggered by CR-9813.,team-net,INC-1995,Southeast Asia
INC-1052,ACR — Geo-Replication Sync Lag > 10min — UK South,Sev0,Resolved,2025-02-12T12:00:00.000Z,2025-02-12T17:06:00.000Z,306 min,svc-acr|svc-ado|svc-aks,comp-acrGeo,,TSG-241,ACR-GeoSyncTimeout,"~381,113 customers — Cross-region image availability degraded — DR runbooks at risk",Cross-region image availability degraded — DR runbooks at risk. Root component: comp-acrGeo. Resolved using TSG-241.,team-containers,INC-1037|INC-3401|INC-3488,Australia East
INC-1116,Storage RP — Throttling on PUT Operations — East US,Sev1,Resolved,2025-02-12T12:00:00.000Z,2025-02-12T13:29:00.000Z,89 min,svc-storage|svc-functions,comp-storageRP,CR-9885,TSG-441,ThrottlingError-429,"~23,238 customers — Batch upload jobs failing with throttle errors",Batch upload jobs failing with throttle errors. Root component: comp-storageRP. Triggered by CR-9885. Resolved using TSG-441.,team-storage,INC-3012|INC-1003|INC-2901,North EU
INC-1153,Azure AD — Auth Token Issuance Failures — East US,Sev3,Resolved,2025-02-12T12:00:00.000Z,2025-02-12T12:41:00.000Z,41 min,svc-aad,comp-aadSTS,CR-9915,TSG-382,AADSTS700016,"~3,363 customers — SSO failures across M365 and Azure Portal",SSO failures across M365 and Azure Portal. Root component: comp-aadSTS. Triggered by CR-9915. Resolved using TSG-382.,team-aad,INC-1085,East US 2
INC-2361,Azure LB — SNAT Port Exhaustion — North EU,Sev4,Active,2025-02-12T12:00:00.000Z,,,svc-lb|svc-apim|svc-appSvc,comp-lbFrontend,,TSG-227,LB-SNATPortExhausted,~249 customers — Outbound connections failing — AKS pods unable to reach internet,Outbound connections failing — AKS pods unable to reach internet. Root component: comp-lbFrontend. Resolved using TSG-227.,team-net,,East US
INC-3432,ADO — Artifact Feed Unavailable — Southeast Asia,Sev3,Resolved,2025-02-12T12:00:00.000Z,2025-02-12T12:59:00.000Z,59 min,svc-ado,comp-adoPipeline,,TSG-234,NuGet-503,"~2,027 customers — Package restore failures blocking all builds",Package restore failures blocking all builds. Root component: comp-adoPipeline. Resolved using TSG-234.,team-ado,,Southeast Asia
INC-1671,Logic Apps — Connector Timeout on Large Payload — West US 2,Sev2,Resolved,2025-02-11T12:00:00.000Z,2025-02-11T12:23:00.000Z,23 min,svc-logicapps|svc-svcbus|svc-storage,comp-logicEngine,,TSG-214,LogicApps-PayloadOverflow,"~16,555 customers — File processing workflows failing on payloads > 100MB",File processing workflows failing on payloads > 100MB. Root component: comp-logicEngine. Resolved using TSG-214.,team-apps,INC-1438|INC-1411,Southeast Asia
INC-2283,Azure LB — SNAT Port Exhaustion — East US 2,Sev2,Resolved,2025-02-11T12:00:00.000Z,2025-02-11T12:25:00.000Z,25 min,svc-lb,comp-lbFrontend,CR-9831,TSG-227,LB-SNATPortExhausted,"~27,387 customers — Outbound connections failing — AKS pods unable to reach internet",Outbound connections failing — AKS pods unable to reach internet. Root component: comp-lbFrontend. Triggered by CR-9831. Resolved using TSG-227.,team-net,INC-2261|INC-1887,West US 2
INC-3295,Azure DevOps — Git Push Timeout — West US 2,Sev3,Resolved,2025-02-11T12:00:00.000Z,2025-02-11T12:16:00.000Z,16 min,svc-ado|svc-aad,comp-adoGit,CR-9774,,GitPackTimeout,"~4,117 customers — Large repo pushes timing out — developers blocked",Large repo pushes timing out — developers blocked. Root component: comp-adoGit. Triggered by CR-9774.,team-ado,INC-2241|INC-1421|INC-2759,Australia East
INC-1842,Key Vault — Certificate Auto-Renewal Stuck — Southeast Asia,Sev2,Mitigating,2025-02-10T12:00:00.000Z,,,svc-keyvault|svc-sql|svc-functions,comp-kvHSM,CR-9897,TSG-255,CertRenewalFailed,"~2,838 customers — SSL certificates nearing expiry — manual intervention needed",SSL certificates nearing expiry — manual intervention needed. Root component: comp-kvHSM. Triggered by CR-9897. Resolved using TSG-255.,team-sec,INC-1614,UK South
INC-3552,Azure Event Hub — Throughput Degradation — Australia East,Sev1,Resolved,2025-02-10T12:00:00.000Z,2025-02-10T13:42:00.000Z,102 min,svc-evhub|svc-monitor|svc-keyvault,comp-evhubNS,,TSG-288,EventHubThrottlingException,"~75,787 customers — Consumer group lag accumulating — message delivery delay >90s",Consumer group lag accumulating — message delivery delay >90s. Root component: comp-evhubNS. Resolved using TSG-288.,team-msg,,East US 2
INC-1017,Cosmos Gateway — TLS Handshake Failure — North EU,Sev3,Resolved,2025-02-09T12:00:00.000Z,2025-02-09T12:43:00.000Z,43 min,svc-cosmos|svc-functions,comp-cosmosGW,CR-9915,TSG-309,CosmosGW-TLS-Error,"~4,209 customers — SDK connections failing — apps unable to connect to Cosmos",SDK connections failing — apps unable to connect to Cosmos. Root component: comp-cosmosGW. Triggered by CR-9915. Resolved using TSG-309.,team-cosmos,INC-1013|INC-3156,West US 2
INC-1353,AAD — SAML Token Signing Failure — East US,Sev3,Resolved,2025-02-09T12:00:00.000Z,2025-02-09T12:40:00.000Z,40 min,svc-aad,comp-aadSTS,CR-9873,TSG-195,AADSTS700012,~135 customers — SAML-based SSO broken for federated tenants,SAML-based SSO broken for federated tenants. Root component: comp-aadSTS. Triggered by CR-9873. Resolved using TSG-195.,team-aad,INC-1003,East US
INC-2632,Azure LB — SNAT Port Exhaustion — North EU,Sev0,Active,2025-02-09T12:00:00.000Z,,,svc-lb,comp-lbFrontend,CR-9924,TSG-227,LB-SNATPortExhausted,"~314,352 customers — Outbound connections failing — AKS pods unable to reach internet",Outbound connections failing — AKS pods unable to reach internet. Root component: comp-lbFrontend. Triggered by CR-9924. Resolved using TSG-227.,team-net,,East US 2
INC-2487,ACR — Geo-Replication Sync Lag > 10min — Australia East,Sev3,Resolved,2025-02-08T12:00:00.000Z,2025-02-08T12:23:00.000Z,23 min,svc-acr,comp-acrGeo,CR-9918,TSG-241,ACR-GeoSyncTimeout,~258 customers — Cross-region image availability degraded — DR runbooks at risk,Cross-region image availability degraded — DR runbooks at risk. Root component: comp-acrGeo. Triggered by CR-9918. Resolved using TSG-241.,team-containers,INC-2241|INC-1542,Australia East
INC-1251,Azure Monitor — Alert Processing Delay > 10min — East US 2,Sev3,Resolved,2025-02-07T12:00:00.000Z,2025-02-07T12:22:00.000Z,22 min,svc-monitor|svc-aks,comp-monAlert,CR-9837,TSG-221,AlertEvalBacklog,~236 customers — Critical alerts firing 10-45min late — SLO at risk,Critical alerts firing 10-45min late — SLO at risk. Root component: comp-monAlert. Triggered by CR-9837. Resolved using TSG-221.,team-obs,,West US 2
INC-1590,AKS — CoreDNS Resolution Failures — Australia East,Sev2,Resolved,2025-02-07T12:00:00.000Z,2025-02-07T12:56:00.000Z,56 min,svc-aks|svc-keyvault,comp-aksCP,,TSG-301,AKS-DNSResolutionFailure,"~24,500 customers — Inter-pod service discovery broken — microservices can't connect",Inter-pod service discovery broken — microservices can't connect. Root component: comp-aksCP. Resolved using TSG-301.,team-containers,INC-1279|INC-1073|INC-1575,Southeast Asia
INC-2122,Redis Gateway — Connection Pool Exhaustion — Southeast Asia,Sev3,Mitigating,2025-02-06T12:00:00.000Z,,,svc-redis,comp-redisGW,,TSG-279,Redis-ConnPool-Exhausted,~537 customers — App connections queued — latency spike P99 > 2s,App connections queued — latency spike P99 > 2s. Root component: comp-redisGW. Resolved using TSG-279.,team-cache,INC-1295|INC-1194,Japan East
INC-2716,Key Vault — Secret Rotation Failure — East US 2,Sev0,Resolved,2025-02-06T12:00:00.000Z,2025-02-06T18:37:00.000Z,397 min,svc-keyvault|svc-functions,comp-kvRP,,TSG-255,SecretRotationFailed,"~227,942 customers — Automated secret rotation stalled — expiry risk",Automated secret rotation stalled — expiry risk. Root component: comp-kvRP. Resolved using TSG-255.,team-sec,INC-1954,North EU
INC-1194,Redis — Memory Eviction Storm — Southeast Asia,Sev2,Resolved,2025-02-05T12:00:00.000Z,2025-02-05T13:12:00.000Z,72 min,svc-redis,comp-redisCluster,CR-9810,,Redis-OOM-MaxMemory,"~10,008 customers — Hot keys evicted — session data lost for ~5% active users",Hot keys evicted — session data lost for ~5% active users. Root component: comp-redisCluster. Triggered by CR-9810.,team-cache,,Southeast Asia
INC-1213,Azure App Service — Worker Process Crashes — East US 2,Sev2,Resolved,2025-02-05T12:00:00.000Z,2025-02-05T12:40:00.000Z,40 min,svc-appSvc|svc-redis|svc-cosmos,comp-appPlan,CR-9816,TSG-271,WorkerProcess-5xx,"~24,155 customers — Web apps returning 5xx — worker recycling loop",Web apps returning 5xx — worker recycling loop. Root component: comp-appPlan. Triggered by CR-9816. Resolved using TSG-271.,team-apps,,Australia East
INC-3053,Service Bus — Session Lock Expiry Storm — Southeast Asia,Sev4,Resolved,2025-02-05T12:00:00.000Z,2025-02-05T12:15:00.000Z,15 min,svc-svcbus|svc-logicapps,comp-svcbusBroker,CR-9786,TSG-258,ServiceBus-SessionLockLost,~290 customers — Competing consumers stealing sessions — duplicate processing risk,Competing consumers stealing sessions — duplicate processing risk. Root component: comp-svcbusBroker. Triggered by CR-9786. Resolved using TSG-258.,team-msg,INC-2097|INC-2061|INC-1648,Japan East
INC-1923,ACR — Image Pull Failures East US — East US,Sev4,Resolved,2025-02-04T12:00:00.000Z,2025-02-04T12:09:00.000Z,9 min,svc-acr|svc-ado,comp-acrRegistry,,,ACR-ManifestNotFound,~436 customers — AKS pods failing to pull images — deployment rollouts blocked,AKS pods failing to pull images — deployment rollouts blocked. Root component: comp-acrRegistry.,team-containers,INC-1689,East US
INC-3545,Cosmos DB — Index Policy Rebuild Timeout — Australia East,Sev2,Active,2025-02-04T12:00:00.000Z,,,svc-cosmos|svc-appSvc,comp-cosmosRU,,,CosmosDB-IndexBuildTimeout,"~13,170 customers — Queries returning full scans — 100× latency increase",Queries returning full scans — 100× latency increase. Root component: comp-cosmosRU.,team-cosmos,INC-1244,UK South
INC-3286,CDN — Origin Shield SSL Negotiation Failure — Japan East,Sev4,Resolved,2025-02-03T12:00:00.000Z,2025-02-03T12:05:00.000Z,5 min,svc-cdn|svc-storage,comp-cdnOrigin,,TSG-301,CDN-OriginSSLError,~355 customers — CDN unable to fetch from origin — all requests returning 502,CDN unable to fetch from origin — all requests returning 502. Root component: comp-cdnOrigin. Resolved using TSG-301.,team-net,,UK South
INC-1342,Key Vault — Certificate Auto-Renewal Stuck — Southeast Asia,Sev3,Resolved,2025-02-02T12:00:00.000Z,2025-02-02T12:47:00.000Z,47 min,svc-keyvault|svc-aad|svc-appSvc,comp-kvHSM,,TSG-255,CertRenewalFailed,"~4,929 customers — SSL certificates nearing expiry — manual intervention needed",SSL certificates nearing expiry — manual intervention needed. Root component: comp-kvHSM. Resolved using TSG-255.,team-sec,,UK South
INC-1971,App Service — Autoscale Not Triggering — East US,Sev3,Resolved,2025-02-02T12:00:00.000Z,2025-02-02T12:20:00.000Z,20 min,svc-appSvc,comp-appPlan,,TSG-271,AutoscaleDecisionDelay,~740 customers — Traffic spike absorbing all instances — high error rate,Traffic spike absorbing all instances — high error rate. Root component: comp-appPlan. Resolved using TSG-271.,team-apps,,Southeast Asia
INC-2327,ACR — Geo-Replication Sync Lag > 10min — Australia East,Sev2,Resolved,2025-02-02T12:00:00.000Z,2025-02-02T12:30:00.000Z,30 min,svc-acr,comp-acrGeo,,TSG-241,ACR-GeoSyncTimeout,"~15,695 customers — Cross-region image availability degraded — DR runbooks at risk",Cross-region image availability degraded — DR runbooks at risk. Root component: comp-acrGeo. Resolved using TSG-241.,team-containers,,Japan East
INC-3242,AKS — CoreDNS Resolution Failures — West US 2,Sev1,Resolved,2025-02-02T12:00:00.000Z,2025-02-02T14:04:00.000Z,124 min,svc-aks|svc-keyvault|svc-monitor,comp-aksCP,CR-9780,TSG-301,AKS-DNSResolutionFailure,"~78,031 customers — Inter-pod service discovery broken — microservices can't connect",Inter-pod service discovery broken — microservices can't connect. Root component: comp-aksCP. Triggered by CR-9780. Resolved using TSG-301.,team-containers,,Southeast Asia
INC-1313,App Service — SSL Cert Binding Failure — East US,Sev2,Resolved,2025-02-01T12:00:00.000Z,2025-02-01T12:39:00.000Z,39 min,svc-appSvc|svc-keyvault,comp-appGW,,TSG-271,SNI-BindingFailed,"~4,439 customers — Custom domain HTTPS broken after cert renewal",Custom domain HTTPS broken after cert renewal. Root component: comp-appGW. Resolved using TSG-271.,team-apps,INC-1295|INC-1045,East US 2
INC-1746,Logic Apps — Trigger Recurrence Drift — East US 2,Sev3,Resolved,2025-02-01T12:00:00.000Z,2025-02-01T12:50:00.000Z,50 min,svc-logicapps|svc-storage,comp-logicEngine,,TSG-214,LogicApps-RecurrenceDrift,"~1,106 customers — Scheduled workflows running late by up to 45min",Scheduled workflows running late by up to 45min. Root component: comp-logicEngine. Resolved using TSG-214.,team-apps,INC-1347|INC-1059,Japan East
INC-2101,Azure DevOps — Pipeline Execution Failures — East US,Sev3,Resolved,2025-02-01T12:00:00.000Z,2025-02-01T12:55:00.000Z,55 min,svc-ado|svc-sql|svc-storage,comp-adoPipeline,,TSG-234,PipelineAgentUnreachable,~326 customers — CI/CD pipelines queued — no available agents,CI/CD pipelines queued — no available agents. Root component: comp-adoPipeline. Resolved using TSG-234.,team-ado,INC-1121,UK South
INC-3136,Logic Apps — Connector Timeout on Large Payload — East US,Sev2,Mitigating,2025-02-01T12:00:00.000Z,,,svc-logicapps|svc-svcbus,comp-logicEngine,CR-9876,,LogicApps-PayloadOverflow,"~10,513 customers — File processing workflows failing on payloads > 100MB",File processing workflows failing on payloads > 100MB. Root component: comp-logicEngine. Triggered by CR-9876.,team-apps,INC-2221,Australia East
INC-1065,AAD — SAML Token Signing Failure — East US,Sev2,Resolved,2025-01-31T12:00:00.000Z,2025-01-31T12:47:00.000Z,47 min,svc-aad,comp-aadSTS,,TSG-195,AADSTS700012,"~13,097 customers — SAML-based SSO broken for federated tenants",SAML-based SSO broken for federated tenants. Root component: comp-aadSTS. Resolved using TSG-195.,team-aad,INC-1017|INC-3401|INC-1045,East US 2
INC-2384,Azure DevOps — Test Runner Memory Leak — East US 2,Sev3,Resolved,2025-01-31T12:00:00.000Z,2025-01-31T12:54:00.000Z,54 min,svc-ado|svc-storage|svc-aad,comp-adoPipeline,CR-9909,TSG-234,TestAgent-OOM,"~4,106 customers — Test pipeline agents crashing mid-run — flaky test signals",Test pipeline agents crashing mid-run — flaky test signals. Root component: comp-adoPipeline. Triggered by CR-9909. Resolved using TSG-234.,team-ado,INC-1746|INC-1897,East US
INC-3263,AAD — SAML Token Signing Failure — Australia East,Sev3,Resolved,2025-01-31T12:00:00.000Z,2025-01-31T12:38:00.000Z,38 min,svc-aad|svc-functions,comp-aadSTS,CR-9852,,AADSTS700012,"~1,522 customers — SAML-based SSO broken for federated tenants",SAML-based SSO broken for federated tenants. Root component: comp-aadSTS. Triggered by CR-9852.,team-aad,INC-2307,East US 2
INC-1954,Event Hub — Namespace Quota Exceeded — UK South,Sev3,Resolved,2025-01-30T12:00:00.000Z,2025-01-30T12:13:00.000Z,13 min,svc-evhub|svc-monitor,comp-evhubNS,,,QuotaExceeded-NamespaceUnits,"~2,474 customers — New connections rejected — active producers failing",New connections rejected — active producers failing. Root component: comp-evhubNS.,team-msg,INC-1487|INC-1876,Southeast Asia
INC-3227,Azure SQL — Replication Lag > 30s — Australia East,Sev3,Resolved,2025-01-30T12:00:00.000Z,2025-01-30T12:17:00.000Z,17 min,svc-sql,comp-sqlEngine,CR-9855,,SQLReplicationLag,~210 customers — Read replicas serving stale data — reporting discrepancies,Read replicas serving stale data — reporting discrepancies. Root component: comp-sqlEngine. Triggered by CR-9855.,team-sql,INC-1662,East US 2
INC-3568,AKS — Node Pool OOM Eviction Storm — North EU,Sev1,Resolved,2025-01-30T12:00:00.000Z,2025-01-30T13:30:00.000Z,90 min,svc-aks|svc-monitor,comp-aksNodepool,,TSG-301,AKS-OOMEviction,"~22,691 customers — Pods evicted across multiple nodes — service disruption",Pods evicted across multiple nodes — service disruption. Root component: comp-aksNodepool. Resolved using TSG-301.,team-containers,INC-3493,Southeast Asia
INC-3610,ADO — Artifact Feed Unavailable — Australia East,Sev2,Resolved,2025-01-30T12:00:00.000Z,2025-01-30T13:24:00.000Z,84 min,svc-ado,comp-adoPipeline,CR-9888,TSG-234,NuGet-503,"~5,262 customers — Package restore failures blocking all builds",Package restore failures blocking all builds. Root component: comp-adoPipeline. Triggered by CR-9888. Resolved using TSG-234.,team-ado,,West US 2
INC-2538,Functions — Scale-Out Failure on Burst — East US,Sev4,Resolved,2025-01-28T12:00:00.000Z,2025-01-28T12:17:00.000Z,17 min,svc-functions,comp-funcScaler,CR-9807,TSG-265,Functions-ScaleOutFailed,~186 customers — Event queue backlog growing — SLA breach in 15min,Event queue backlog growing — SLA breach in 15min. Root component: comp-funcScaler. Triggered by CR-9807. Resolved using TSG-265.,team-apps,INC-1244|INC-1873|INC-1377,West US 2
INC-2047,CDN — Origin Shield SSL Negotiation Failure — North EU,Sev2,Resolved,2025-01-27T12:00:00.000Z,2025-01-27T13:19:00.000Z,79 min,svc-cdn,comp-cdnOrigin,CR-9906,TSG-441,CDN-OriginSSLError,"~10,873 customers — CDN unable to fetch from origin — all requests returning 502",CDN unable to fetch from origin — all requests returning 502. Root component: comp-cdnOrigin. Triggered by CR-9906. Resolved using TSG-441.,team-net,,East US
INC-2502,Event Hub Broker — Message Loss on Failover — Japan East,Sev3,Resolved,2025-01-27T12:00:00.000Z,2025-01-27T12:12:00.000Z,12 min,svc-evhub|svc-keyvault|svc-monitor,comp-evhubBroker,,,MessageLoss-GeoFailover,"~3,082 customers — ~0.02% message loss during regional failover test",~0.02% message loss during regional failover test. Root component: comp-evhubBroker.,team-msg,INC-1526,Southeast Asia
INC-3342,AKS — Node Pool OOM Eviction Storm — UK South,Sev3,Resolved,2025-01-26T12:00:00.000Z,2025-01-26T12:20:00.000Z,20 min,svc-aks|svc-acr,comp-aksNodepool,,TSG-301,AKS-OOMEviction,"~1,547 customers — Pods evicted across multiple nodes — service disruption",Pods evicted across multiple nodes — service disruption. Root component: comp-aksNodepool. Resolved using TSG-301.,team-containers,,Southeast Asia
INC-3466,Monitor — Log Analytics Ingestion Lag — Japan East,Sev4,Resolved,2025-01-26T12:00:00.000Z,2025-01-26T12:29:00.000Z,29 min,svc-monitor|svc-storage|svc-aks,comp-logAnalytics,CR-9909,TSG-221,IngestionLag,~301 customers — Dashboards showing stale data — oncall missing signals,Dashboards showing stale data — oncall missing signals. Root component: comp-logAnalytics. Triggered by CR-9909. Resolved using TSG-221.,team-obs,,Southeast Asia
INC-1270,Azure SQL — Replication Lag > 30s — Japan East,Sev3,Active,2025-01-25T12:00:00.000Z,,,svc-sql|svc-keyvault|svc-ado,comp-sqlEngine,CR-9930,TSG-319,SQLReplicationLag,"~1,899 customers — Read replicas serving stale data — reporting discrepancies",Read replicas serving stale data — reporting discrepancies. Root component: comp-sqlEngine. Triggered by CR-9930. Resolved using TSG-319.,team-sql,,Southeast Asia
INC-2054,Event Hub Broker — Message Loss on Failover — UK South,Sev2,Resolved,2025-01-25T12:00:00.000Z,2025-01-25T13:23:00.000Z,83 min,svc-evhub,comp-evhubBroker,,TSG-288,MessageLoss-GeoFailover,"~17,902 customers — ~0.02% message loss during regional failover test",~0.02% message loss during regional failover test. Root component: comp-evhubBroker. Resolved using TSG-288.,team-msg,INC-1795,Southeast Asia
INC-2241,Key Vault HSM — Failover Latency Spike — North EU,Sev2,Active,2025-01-25T12:00:00.000Z,,,svc-keyvault,comp-kvHSM,CR-9843,,KeyVaultError-HSMTimeout,"~21,905 customers — Secret retrieval P99 > 8s — apps timing out on startup",Secret retrieval P99 > 8s — apps timing out on startup. Root component: comp-kvHSM. Triggered by CR-9843.,team-sec,INC-2061,Southeast Asia
INC-2746,SQL DB — Deadlock Storm on High-Traffic Table — North EU,Sev1,Resolved,2025-01-25T12:00:00.000Z,2025-01-25T13:06:00.000Z,66 min,svc-sql,comp-sqlEngine,,TSG-319,SQL-1205-Deadlock,"~31,751 customers — Transaction rollbacks affecting financial reporting jobs",Transaction rollbacks affecting financial reporting jobs. Root component: comp-sqlEngine. Resolved using TSG-319.,team-sql,INC-2507|INC-1128|INC-2065,North EU
INC-3208,Azure Monitor — Metric Query Failures — UK South,Sev0,Resolved,2025-01-25T12:00:00.000Z,2025-01-25T19:53:00.000Z,473 min,svc-monitor,comp-monAlert,CR-9819,,MetricStoreUnavailable,"~311,121 customers — Azure portal metric charts blank — troubleshooting impaired",Azure portal metric charts blank — troubleshooting impaired. Root component: comp-monAlert. Triggered by CR-9819.,team-obs,INC-2293|INC-1526|INC-2027,Japan East
INC-3661,SQL DB — Deadlock Storm on High-Traffic Table — East US,Sev2,Resolved,2025-01-25T12:00:00.000Z,2025-01-25T12:24:00.000Z,24 min,svc-sql|svc-ado|svc-keyvault,comp-sqlEngine,,TSG-319,SQL-1205-Deadlock,"~27,679 customers — Transaction rollbacks affecting financial reporting jobs",Transaction rollbacks affecting financial reporting jobs. Root component: comp-sqlEngine. Resolved using TSG-319.,team-sql,INC-2384|INC-1059|INC-3617,East US 2
INC-1445,Azure DevOps — Git Push Timeout — Japan East,Sev3,Resolved,2025-01-23T12:00:00.000Z,2025-01-23T12:42:00.000Z,42 min,svc-ado,comp-adoGit,,TSG-234,GitPackTimeout,~384 customers — Large repo pushes timing out — developers blocked,Large repo pushes timing out — developers blocked. Root component: comp-adoGit. Resolved using TSG-234.,team-ado,,West US 2
INC-3647,APIM Gateway — Backend Circuit Breaker Open — Southeast Asia,Sev3,Resolved,2025-01-23T12:00:00.000Z,2025-01-23T12:36:00.000Z,36 min,svc-apim|svc-redis,comp-apimGW,CR-9849,TSG-248,APIM-BackendUnhealthy,"~4,642 customers — All API traffic failing with 503 — 100% error rate",All API traffic failing with 503 — 100% error rate. Root component: comp-apimGW. Triggered by CR-9849. Resolved using TSG-248.,team-net,INC-1822|INC-2916,East US
INC-2370,Cosmos DB — Index Policy Rebuild Timeout — North EU,Sev2,Resolved,2025-01-22T12:00:00.000Z,2025-01-22T12:45:00.000Z,45 min,svc-cosmos|svc-appSvc,comp-cosmosRU,CR-9864,TSG-309,CosmosDB-IndexBuildTimeout,"~6,752 customers — Queries returning full scans — 100× latency increase",Queries returning full scans — 100× latency increase. Root component: comp-cosmosRU. Triggered by CR-9864. Resolved using TSG-309.,team-cosmos,,East US 2
INC-2401,Azure Storage Latency Spike — East US 2,Sev3,Resolved,2025-01-22T12:00:00.000Z,2025-01-22T12:47:00.000Z,47 min,svc-storage,comp-storageRP,CR-9894,TSG-208,StorageRequestFailed-503,"~3,934 customers — Elevated blob read latency P99 > 4s",Elevated blob read latency P99 > 4s. Root component: comp-storageRP. Triggered by CR-9894. Resolved using TSG-208.,team-storage,INC-2145|INC-2122,East US 2
INC-3641,Logic Apps — Connector Timeout on Large Payload — East US 2,Sev3,Resolved,2025-01-22T12:00:00.000Z,2025-01-22T12:34:00.000Z,34 min,svc-logicapps|svc-storage,comp-logicEngine,CR-9846,,LogicApps-PayloadOverflow,"~1,704 customers — File processing workflows failing on payloads > 100MB",File processing workflows failing on payloads > 100MB. Root component: comp-logicEngine. Triggered by CR-9846.,team-apps,INC-3519,Japan East
INC-3687,Functions — Cold Start Spike > 30s — North EU,Sev0,Active,2025-01-22T12:00:00.000Z,,,svc-functions,comp-funcHost,CR-9894,,Functions-ColdStartTimeout,"~107,668 customers — First invocations timing out — event-driven workflows stalling",First invocations timing out — event-driven workflows stalling. Root component: comp-funcHost. Triggered by CR-9894.,team-apps,INC-1738,East US
INC-1144,Cosmos DB — RU Throttling on Hot Partition — East US 2,Sev0,Resolved,2025-01-21T12:00:00.000Z,2025-01-21T16:14:00.000Z,254 min,svc-cosmos|svc-appSvc,comp-cosmosRU,,TSG-309,CosmosDB-429-TooManyRequests,"~398,577 customers — Document writes throttled — application backpressure accumulating",Document writes throttled — application backpressure accumulating. Root component: comp-cosmosRU. Resolved using TSG-309.,team-cosmos,INC-3012|INC-3156|INC-2847,West US 2
INC-2145,Logic Apps — Trigger Recurrence Drift — East US,Sev2,Resolved,2025-01-21T12:00:00.000Z,2025-01-21T12:51:00.000Z,51 min,svc-logicapps|svc-storage,comp-logicEngine,CR-9876,TSG-214,LogicApps-RecurrenceDrift,"~1,492 customers — Scheduled workflows running late by up to 45min",Scheduled workflows running late by up to 45min. Root component: comp-logicEngine. Triggered by CR-9876. Resolved using TSG-214.,team-apps,INC-2027|INC-2901|INC-1487,East US
INC-2870,Functions — Cold Start Spike > 30s — Southeast Asia,Sev0,Resolved,2025-01-21T12:00:00.000Z,2025-01-21T16:07:00.000Z,247 min,svc-functions|svc-aad|svc-evhub,comp-funcHost,,TSG-265,Functions-ColdStartTimeout,"~216,190 customers — First invocations timing out — event-driven workflows stalling",First invocations timing out — event-driven workflows stalling. Root component: comp-funcHost. Resolved using TSG-265.,team-apps,INC-2221|INC-1393,Australia East
INC-3472,Azure Files — SMB Mount Failures — UK South,Sev1,Resolved,2025-01-19T12:00:00.000Z,2025-01-19T14:13:00.000Z,133 min,svc-storage,comp-storageFE,CR-9777,TSG-441,SMBMountFailed-53,"~72,780 customers — Azure Files shares unmountable from VMs",Azure Files shares unmountable from VMs. Root component: comp-storageFE. Triggered by CR-9777. Resolved using TSG-441.,team-storage,,East US 2
INC-1542,Redis — Cluster Shard Rebalancing Timeout — North EU,Sev4,Resolved,2025-01-17T12:00:00.000Z,2025-01-17T12:10:00.000Z,10 min,svc-redis|svc-apim,comp-redisCluster,,TSG-279,Redis-CLUSTERDOWN,~290 customers — Cache unavailable during rebalancing — DB hit rate spikes 10×,Cache unavailable during rebalancing — DB hit rate spikes 10×. Root component: comp-redisCluster. Resolved using TSG-279.,team-cache,,Southeast Asia
INC-2837,Azure LB — SNAT Port Exhaustion — Japan East,Sev2,Resolved,2025-01-17T12:00:00.000Z,2025-01-17T13:04:00.000Z,64 min,svc-lb|svc-aks|svc-apim,comp-lbFrontend,,TSG-227,LB-SNATPortExhausted,"~27,883 customers — Outbound connections failing — AKS pods unable to reach internet",Outbound connections failing — AKS pods unable to reach internet. Root component: comp-lbFrontend. Resolved using TSG-227.,team-net,INC-1556|INC-1128,UK South
INC-3407,Key Vault — Access Policy Propagation Delay — UK South,Sev0,Resolved,2025-01-16T12:00:00.000Z,2025-01-16T16:52:00.000Z,292 min,svc-keyvault|svc-aks,comp-kvRP,,TSG-255,Forbidden-403,"~351,571 customers — New app identities unable to access secrets after RBAC grant",New app identities unable to access secrets after RBAC grant. Root component: comp-kvRP. Resolved using TSG-255.,team-sec,INC-2746,UK South
INC-3728,Functions — Storage Trigger Polling Lag — West US 2,Sev4,Active,2025-01-16T12:00:00.000Z,,,svc-functions,comp-funcHost,CR-9858,TSG-265,Functions-StorageTriggerLag,~495 customers — Blob-triggered functions delayed 10–20min — batch pipelines impacted,Blob-triggered functions delayed 10–20min — batch pipelines impacted. Root component: comp-funcHost. Triggered by CR-9858. Resolved using TSG-265.,team-apps,,Southeast Asia
INC-2466,Logic Apps — Connector Timeout on Large Payload — Japan East,Sev0,Resolved,2025-01-15T12:00:00.000Z,2025-01-15T17:02:00.000Z,302 min,svc-logicapps|svc-svcbus,comp-logicEngine,CR-9795,TSG-214,LogicApps-PayloadOverflow,"~348,692 customers — File processing workflows failing on payloads > 100MB",File processing workflows failing on payloads > 100MB. Root component: comp-logicEngine. Triggered by CR-9795. Resolved using TSG-214.,team-apps,INC-2424,North EU
INC-1873,Azure Event Hub — Throughput Degradation — Southeast Asia,Sev4,Resolved,2025-01-14T12:00:00.000Z,2025-01-14T12:24:00.000Z,24 min,svc-evhub|svc-monitor,comp-evhubNS,,,EventHubThrottlingException,~447 customers — Consumer group lag accumulating — message delivery delay >90s,Consumer group lag accumulating — message delivery delay >90s. Root component: comp-evhubNS.,team-msg,,North EU
INC-3519,APIM — Rate Limit Policy Misconfiguration — Japan East,Sev3,Resolved,2025-01-14T12:00:00.000Z,2025-01-14T12:26:00.000Z,26 min,svc-apim|svc-aad|svc-redis,comp-apimGW,,,APIM-RateLimitBreach,"~2,537 customers — High-value tenants throttled incorrectly — SLA breach",High-value tenants throttled incorrectly — SLA breach. Root component: comp-apimGW.,team-net,INC-2815|INC-2667,West US 2
INC-2293,Service Bus — Session Lock Expiry Storm — Japan East,Sev0,Resolved,2025-01-13T12:00:00.000Z,2025-01-13T19:45:00.000Z,465 min,svc-svcbus|svc-monitor|svc-keyvault,comp-svcbusBroker,CR-9906,TSG-258,ServiceBus-SessionLockLost,"~341,994 customers — Competing consumers stealing sessions — duplicate processing risk",Competing consumers stealing sessions — duplicate processing risk. Root component: comp-svcbusBroker. Triggered by CR-9906. Resolved using TSG-258.,team-msg,INC-1170|INC-1479,West US 2
INC-3125,Cosmos DB — Replication Lag > 5s — East US,Sev4,Resolved,2025-01-13T12:00:00.000Z,2025-01-13T12:10:00.000Z,10 min,svc-cosmos|svc-functions|svc-aad,comp-cosmosRU,CR-9777,,CosmosDB-ConsistencyViolation,~302 customers — Multi-region reads returning stale data — financial integrity risk,Multi-region reads returning stale data — financial integrity risk. Root component: comp-cosmosRU. Triggered by CR-9777.,team-cosmos,,North EU
INC-3224,APIM — Rate Limit Policy Misconfiguration — Southeast Asia,Sev3,Active,2025-01-13T12:00:00.000Z,,,svc-apim|svc-redis,comp-apimGW,CR-9897,TSG-248,APIM-RateLimitBreach,"~4,780 customers — High-value tenants throttled incorrectly — SLA breach",High-value tenants throttled incorrectly — SLA breach. Root component: comp-apimGW. Triggered by CR-9897. Resolved using TSG-248.,team-net,INC-2787|INC-1937|INC-1512,Southeast Asia
INC-3601,Azure App Service — Worker Process Crashes — UK South,Sev4,Mitigating,2025-01-13T12:00:00.000Z,,,svc-appSvc|svc-sql,comp-appPlan,,TSG-271,WorkerProcess-5xx,~363 customers — Web apps returning 5xx — worker recycling loop,Web apps returning 5xx — worker recycling loop. Root component: comp-appPlan. Resolved using TSG-271.,team-apps,INC-3078|INC-2140|INC-3115,East US 2
INC-3106,Azure Files — SMB Mount Failures — Japan East,Sev3,Active,2025-01-12T12:00:00.000Z,,,svc-storage|svc-monitor|svc-appSvc,comp-storageFE,,TSG-441,SMBMountFailed-53,"~4,615 customers — Azure Files shares unmountable from VMs",Azure Files shares unmountable from VMs. Root component: comp-storageFE. Resolved using TSG-441.,team-storage,INC-1416,Australia East
INC-3186,Azure SQL — TLS Handshake Timeout Cascade — East US 2,Sev0,Resolved,2025-01-12T12:00:00.000Z,2025-01-12T19:10:00.000Z,430 min,svc-sql|svc-appSvc,comp-sqlGW,,TSG-319,SSL_ERROR_HANDSHAKE_FAILURE,"~344,858 customers — CI/CD pipeline SQL checks failing — connection pool exhaustion",CI/CD pipeline SQL checks failing — connection pool exhaustion. Root component: comp-sqlGW. Resolved using TSG-319.,team-sql,INC-1365|INC-1790,Japan East
INC-1363,LB — Backend Pool Drain During Deployment — Southeast Asia,Sev3,Resolved,2025-01-11T12:00:00.000Z,2025-01-11T12:31:00.000Z,31 min,svc-lb,comp-lbBackend,,TSG-227,LB-BackendDrainTimeout,"~4,847 customers — Zero-downtime deployment stalled — old pods receiving traffic",Zero-downtime deployment stalled — old pods receiving traffic. Root component: comp-lbBackend. Resolved using TSG-227.,team-net,INC-1244,East US 2
INC-3458,Logic Apps — Trigger Recurrence Drift — Japan East,Sev0,Mitigating,2025-01-11T12:00:00.000Z,,,svc-logicapps,comp-logicEngine,CR-9807,TSG-214,LogicApps-RecurrenceDrift,"~193,782 customers — Scheduled workflows running late by up to 45min",Scheduled workflows running late by up to 45min. Root component: comp-logicEngine. Triggered by CR-9807. Resolved using TSG-214.,team-apps,INC-2331|INC-2167,Japan East
INC-3493,Azure SQL — TLS Handshake Timeout Cascade — UK South,Sev3,Resolved,2025-01-11T12:00:00.000Z,2025-01-11T12:49:00.000Z,49 min,svc-sql|svc-keyvault,comp-sqlGW,CR-9927,TSG-319,SSL_ERROR_HANDSHAKE_FAILURE,"~2,439 customers — CI/CD pipeline SQL checks failing — connection pool exhaustion",CI/CD pipeline SQL checks failing — connection pool exhaustion. Root component: comp-sqlGW. Triggered by CR-9927. Resolved using TSG-319.,team-sql,,West US 2
INC-1138,Key Vault — Certificate Auto-Renewal Stuck — North EU,Sev1,Active,2025-01-10T12:00:00.000Z,,,svc-keyvault|svc-evhub,comp-kvHSM,CR-9807,,CertRenewalFailed,"~41,055 customers — SSL certificates nearing expiry — manual intervention needed",SSL certificates nearing expiry — manual intervention needed. Root component: comp-kvHSM. Triggered by CR-9807.,team-sec,INC-3204|INC-1092|INC-1052,East US
INC-3385,Functions — Storage Trigger Polling Lag — Southeast Asia,Sev3,Active,2025-01-10T12:00:00.000Z,,,svc-functions,comp-funcHost,,TSG-265,Functions-StorageTriggerLag,"~4,665 customers — Blob-triggered functions delayed 10–20min — batch pipelines impacted",Blob-triggered functions delayed 10–20min — batch pipelines impacted. Root component: comp-funcHost. Resolved using TSG-265.,team-apps,,West US 2
INC-2565,Key Vault — Secret Rotation Failure — West US 2,Sev3,Resolved,2025-01-09T12:00:00.000Z,2025-01-09T12:21:00.000Z,21 min,svc-keyvault|svc-appSvc,comp-kvRP,CR-9876,TSG-255,SecretRotationFailed,"~4,735 customers — Automated secret rotation stalled — expiry risk",Automated secret rotation stalled — expiry risk. Root component: comp-kvRP. Triggered by CR-9876. Resolved using TSG-255.,team-sec,INC-1034,Australia East
INC-2615,Azure DevOps — Pipeline Execution Failures — Australia East,Sev3,Resolved,2025-01-09T12:00:00.000Z,2025-01-09T12:25:00.000Z,25 min,svc-ado|svc-aad|svc-acr,comp-adoPipeline,CR-9918,TSG-234,PipelineAgentUnreachable,"~1,035 customers — CI/CD pipelines queued — no available agents",CI/CD pipelines queued — no available agents. Root component: comp-adoPipeline. Triggered by CR-9918. Resolved using TSG-234.,team-ado,,East US 2
INC-3500,Service Bus — Namespace Throttling — North EU,Sev2,Resolved,2025-01-09T12:00:00.000Z,2025-01-09T13:23:00.000Z,83 min,svc-svcbus|svc-monitor,comp-svcbusBroker,,TSG-258,ServiceBus-ThrottlingError,"~11,269 customers — Message send rate capped — order processing queued",Message send rate capped — order processing queued. Root component: comp-svcbusBroker. Resolved using TSG-258.,team-msg,INC-1989|INC-1671,UK South
INC-1937,APIM Developer Portal — Identity Login Broken — UK South,Sev0,Resolved,2025-01-07T12:00:00.000Z,2025-01-07T19:58:00.000Z,478 min,svc-apim|svc-lb,comp-apimPortal,CR-9855,TSG-248,APIM-Portal-OIDCFailed,"~190,922 customers — External developers unable to test APIs — partner escalation",External developers unable to test APIs — partner escalation. Root component: comp-apimPortal. Triggered by CR-9855. Resolved using TSG-248.,team-net,INC-1732|INC-1479|INC-1507,West US 2
INC-2654,Cosmos Gateway — TLS Handshake Failure — Southeast Asia,Sev4,Mitigating,2025-01-07T12:00:00.000Z,,,svc-cosmos|svc-aad,comp-cosmosGW,CR-9825,TSG-309,CosmosGW-TLS-Error,~236 customers — SDK connections failing — apps unable to connect to Cosmos,SDK connections failing — apps unable to connect to Cosmos. Root component: comp-cosmosGW. Triggered by CR-9825. Resolved using TSG-309.,team-cosmos,INC-2037,UK South
INC-2896,Functions — Storage Trigger Polling Lag — North EU,Sev3,Resolved,2025-01-07T12:00:00.000Z,2025-01-07T12:53:00.000Z,53 min,svc-functions,comp-funcHost,CR-9822,,Functions-StorageTriggerLag,"~4,599 customers — Blob-triggered functions delayed 10–20min — batch pipelines impacted",Blob-triggered functions delayed 10–20min — batch pipelines impacted. Root component: comp-funcHost. Triggered by CR-9822.,team-apps,INC-1943|INC-2161,North EU
INC-2522,Service Bus — Dead-Letter Queue Overflow — East US 2,Sev4,Resolved,2025-01-06T12:00:00.000Z,2025-01-06T12:25:00.000Z,25 min,svc-svcbus|svc-monitor,comp-svcbusNS,CR-9780,TSG-258,ServiceBus-DLQOverflow,~484 customers — Poison messages blocking topic subscriptions — workflows stalled,Poison messages blocking topic subscriptions — workflows stalled. Root component: comp-svcbusNS. Triggered by CR-9780. Resolved using TSG-258.,team-msg,INC-2061,East US 2
INC-2075,Key Vault — Secret Rotation Failure — East US,Sev3,Resolved,2025-01-04T12:00:00.000Z,2025-01-04T12:15:00.000Z,15 min,svc-keyvault|svc-aad,comp-kvRP,CR-9912,,SecretRotationFailed,~767 customers — Automated secret rotation stalled — expiry risk,Automated secret rotation stalled — expiry risk. Root component: comp-kvRP. Triggered by CR-9912.,team-sec,,Japan East
INC-2735,Logic Apps — Trigger Recurrence Drift — East US,Sev4,Resolved,2025-01-04T12:00:00.000Z,2025-01-04T12:07:00.000Z,7 min,svc-logicapps|svc-svcbus,comp-logicEngine,CR-9930,TSG-214,LogicApps-RecurrenceDrift,~361 customers — Scheduled workflows running late by up to 45min,Scheduled workflows running late by up to 45min. Root component: comp-logicEngine. Triggered by CR-9930. Resolved using TSG-214.,team-apps,INC-1059|INC-1695|INC-2522,East US 2
INC-2270,Azure SQL — TLS Handshake Timeout Cascade — Southeast Asia,Sev3,Resolved,2025-01-01T12:00:00.000Z,2025-01-01T12:39:00.000Z,39 min,svc-sql|svc-keyvault|svc-appSvc,comp-sqlGW,,TSG-319,SSL_ERROR_HANDSHAKE_FAILURE,~452 customers — CI/CD pipeline SQL checks failing — connection pool exhaustion,CI/CD pipeline SQL checks failing — connection pool exhaustion. Root component: comp-sqlGW. Resolved using TSG-319.,team-sql,INC-1219|INC-1167,Southeast Asia
INC-2558,Redis Gateway — Connection Pool Exhaustion — North EU,Sev2,Resolved,2025-01-01T12:00:00.000Z,2025-01-01T12:20:00.000Z,20 min,svc-redis|svc-apim|svc-functions,comp-redisGW,CR-9879,TSG-279,Redis-ConnPool-Exhausted,"~28,863 customers — App connections queued — latency spike P99 > 2s",App connections queued — latency spike P99 > 2s. Root component: comp-redisGW. Triggered by CR-9879. Resolved using TSG-279.,team-cache,,West US 2
INC-1121,Service Bus — Namespace Throttling — Australia East,Sev2,Mitigating,2024-12-31T12:00:00.000Z,,,svc-svcbus|svc-keyvault|svc-logicapps,comp-svcbusBroker,,TSG-258,ServiceBus-ThrottlingError,"~15,396 customers — Message send rate capped — order processing queued",Message send rate capped — order processing queued. Root component: comp-svcbusBroker. Resolved using TSG-258.,team-msg,INC-1023,UK South
INC-2355,Azure SQL Elastic Pool — DTU Cap Hit — East US 2,Sev3,Resolved,2024-12-31T12:00:00.000Z,2024-12-31T12:31:00.000Z,31 min,svc-sql|svc-ado|svc-appSvc,comp-sqlEngine,,TSG-319,ResourceGovernorLimit,~689 customers — Query timeouts across all elastic pool databases,Query timeouts across all elastic pool databases. Root component: comp-sqlEngine. Resolved using TSG-319.,team-sql,,East US 2
INC-2394,Key Vault — Access Policy Propagation Delay — West US 2,Sev3,Resolved,2024-12-31T12:00:00.000Z,2024-12-31T12:13:00.000Z,13 min,svc-keyvault|svc-storage|svc-sql,comp-kvRP,,TSG-255,Forbidden-403,~709 customers — New app identities unable to access secrets after RBAC grant,New app identities unable to access secrets after RBAC grant. Root component: comp-kvRP. Resolved using TSG-255.,team-sec,,North EU
INC-3696,Service Bus — Session Lock Expiry Storm — North EU,Sev0,Resolved,2024-12-31T12:00:00.000Z,2024-12-31T17:38:00.000Z,338 min,svc-svcbus|svc-keyvault|svc-logicapps,comp-svcbusBroker,CR-9819,TSG-258,ServiceBus-SessionLockLost,"~335,950 customers — Competing consumers stealing sessions — duplicate processing risk",Competing consumers stealing sessions — duplicate processing risk. Root component: comp-svcbusBroker. Triggered by CR-9819. Resolved using TSG-258.,team-msg,,East US 2
INC-2432,Functions — Storage Trigger Polling Lag — Japan East,Sev3,Resolved,2024-12-30T12:00:00.000Z,2024-12-30T12:43:00.000Z,43 min,svc-functions|svc-keyvault|svc-evhub,comp-funcHost,CR-9888,TSG-265,Functions-StorageTriggerLag,"~4,205 customers — Blob-triggered functions delayed 10–20min — batch pipelines impacted",Blob-triggered functions delayed 10–20min — batch pipelines impacted. Root component: comp-funcHost. Triggered by CR-9888. Resolved using TSG-265.,team-apps,INC-2410|INC-1640|INC-2097,Australia East
INC-1233,Azure LB — SNAT Port Exhaustion — Japan East,Sev2,Resolved,2024-12-29T12:00:00.000Z,2024-12-29T12:37:00.000Z,37 min,svc-lb,comp-lbFrontend,CR-9906,TSG-227,LB-SNATPortExhausted,"~14,795 customers — Outbound connections failing — AKS pods unable to reach internet",Outbound connections failing — AKS pods unable to reach internet. Root component: comp-lbFrontend. Triggered by CR-9906. Resolved using TSG-227.,team-net,INC-1219,North EU
INC-3071,APIM Gateway — Backend Circuit Breaker Open — Australia East,Sev3,Mitigating,2024-12-27T12:00:00.000Z,,,svc-apim|svc-lb,comp-apimGW,CR-9753,TSG-248,APIM-BackendUnhealthy,"~4,014 customers — All API traffic failing with 503 — 100% error rate",All API traffic failing with 503 — 100% error rate. Root component: comp-apimGW. Triggered by CR-9753. Resolved using TSG-248.,team-net,,Southeast Asia
INC-3396,Logic Apps — Trigger Recurrence Drift — North EU,Sev3,Mitigating,2024-12-27T12:00:00.000Z,,,svc-logicapps|svc-svcbus|svc-storage,comp-logicEngine,CR-9804,TSG-214,LogicApps-RecurrenceDrift,"~4,246 customers — Scheduled workflows running late by up to 45min",Scheduled workflows running late by up to 45min. Root component: comp-logicEngine. Triggered by CR-9804. Resolved using TSG-214.,team-apps,INC-1003|INC-2161,East US 2
INC-1498,AKS — Control Plane API Server Unavailable — Australia East,Sev4,Resolved,2024-12-26T12:00:00.000Z,2024-12-26T12:21:00.000Z,21 min,svc-aks|svc-aad|svc-monitor,comp-aksCP,,TSG-301,AKS-APIServerTimeout,~258 customers — kubectl commands timing out — deployments and rollbacks frozen,kubectl commands timing out — deployments and rollbacks frozen. Root component: comp-aksCP. Resolved using TSG-301.,team-containers,INC-1363|INC-1487,West US 2
INC-2226,Service Bus — Dead-Letter Queue Overflow — East US 2,Sev1,Active,2024-12-26T12:00:00.000Z,,,svc-svcbus|svc-keyvault|svc-logicapps,comp-svcbusNS,CR-9849,,ServiceBus-DLQOverflow,"~24,031 customers — Poison messages blocking topic subscriptions — workflows stalled",Poison messages blocking topic subscriptions — workflows stalled. Root component: comp-svcbusNS. Triggered by CR-9849.,team-msg,INC-1782|INC-1575,Japan East
INC-2595,Storage RP — Throttling on PUT Operations — East US 2,Sev3,Resolved,2024-12-26T12:00:00.000Z,2024-12-26T12:21:00.000Z,21 min,svc-storage|svc-logicapps|svc-keyvault,comp-storageRP,CR-9801,TSG-208,ThrottlingError-429,"~3,851 customers — Batch upload jobs failing with throttle errors",Batch upload jobs failing with throttle errors. Root component: comp-storageRP. Triggered by CR-9801. Resolved using TSG-208.,team-storage,INC-2047|INC-1023,Australia East
INC-3088,Redis Gateway — Connection Pool Exhaustion — North EU,Sev3,Active,2024-12-26T12:00:00.000Z,,,svc-redis|svc-aad,comp-redisGW,,TSG-279,Redis-ConnPool-Exhausted,"~1,134 customers — App connections queued — latency spike P99 > 2s",App connections queued — latency spike P99 > 2s. Root component: comp-redisGW. Resolved using TSG-279.,team-cache,INC-1144|INC-2527|INC-2783,East US
INC-3409,Azure SQL — Replication Lag > 30s — Japan East,Sev2,Mitigating,2024-12-26T12:00:00.000Z,,,svc-sql,comp-sqlEngine,CR-9810,TSG-319,SQLReplicationLag,"~7,099 customers — Read replicas serving stale data — reporting discrepancies",Read replicas serving stale data — reporting discrepancies. Root component: comp-sqlEngine. Triggered by CR-9810. Resolved using TSG-319.,team-sql,INC-2167|INC-2122|INC-2607,East US
INC-1128,Azure Event Hub — Throughput Degradation — North EU,Sev3,Resolved,2024-12-24T12:00:00.000Z,2024-12-24T12:13:00.000Z,13 min,svc-evhub,comp-evhubNS,CR-9849,TSG-288,EventHubThrottlingException,~181 customers — Consumer group lag accumulating — message delivery delay >90s,Consumer group lag accumulating — message delivery delay >90s. Root component: comp-evhubNS. Triggered by CR-9849. Resolved using TSG-288.,team-msg,,UK South
INC-1201,ACR — Image Pull Failures East US — North EU,Sev4,Resolved,2024-12-24T12:00:00.000Z,2024-12-24T12:09:00.000Z,9 min,svc-acr|svc-aks,comp-acrRegistry,CR-9930,TSG-241,ACR-ManifestNotFound,~43 customers — AKS pods failing to pull images — deployment rollouts blocked,AKS pods failing to pull images — deployment rollouts blocked. Root component: comp-acrRegistry. Triggered by CR-9930. Resolved using TSG-241.,team-containers,INC-1167|INC-3488,East US
INC-1219,Logic Apps — Connector Timeout on Large Payload — Japan East,Sev4,Resolved,2024-12-23T12:00:00.000Z,2024-12-23T12:29:00.000Z,29 min,svc-logicapps,comp-logicEngine,,TSG-214,LogicApps-PayloadOverflow,~370 customers — File processing workflows failing on payloads > 100MB,File processing workflows failing on payloads > 100MB. Root component: comp-logicEngine. Resolved using TSG-214.,team-apps,INC-3401,East US
INC-1487,App Service — 503 Errors on Downstream SQL — UK South,Sev3,Active,2024-12-22T12:00:00.000Z,,,svc-appSvc,comp-appPlan,CR-9927,,UpstreamConnectionFailure,"~4,359 customers — App Service apps returning 503 on DB-bound requests",App Service apps returning 503 on DB-bound requests. Root component: comp-appPlan. Triggered by CR-9927.,team-apps,INC-1313,North EU
INC-1928,LB — Backend Pool Drain During Deployment — West US 2,Sev4,Resolved,2024-12-21T12:00:00.000Z,2024-12-21T12:07:00.000Z,7 min,svc-lb|svc-aks|svc-apim,comp-lbBackend,,TSG-227,LB-BackendDrainTimeout,~418 customers — Zero-downtime deployment stalled — old pods receiving traffic,Zero-downtime deployment stalled — old pods receiving traffic. Root component: comp-lbBackend. Resolved using TSG-227.,team-net,INC-1213|INC-1617|INC-1722,East US 2
INC-2032,Azure SQL — TLS Handshake Timeout Cascade — UK South,Sev0,Resolved,2024-12-21T12:00:00.000Z,2024-12-21T16:08:00.000Z,248 min,svc-sql|svc-keyvault|svc-ado,comp-sqlGW,CR-9867,TSG-319,SSL_ERROR_HANDSHAKE_FAILURE,"~114,965 customers — CI/CD pipeline SQL checks failing — connection pool exhaustion",CI/CD pipeline SQL checks failing — connection pool exhaustion. Root component: comp-sqlGW. Triggered by CR-9867. Resolved using TSG-319.,team-sql,INC-1229|INC-1855|INC-1773,West US 2
INC-2998,Functions — Cold Start Spike > 30s — Japan East,Sev4,Resolved,2024-12-21T12:00:00.000Z,2024-12-21T12:18:00.000Z,18 min,svc-functions|svc-evhub|svc-redis,comp-funcHost,,,Functions-ColdStartTimeout,~301 customers — First invocations timing out — event-driven workflows stalling,First invocations timing out — event-driven workflows stalling. Root component: comp-funcHost.,team-apps,,Japan East
INC-1013,Azure Monitor — Alert Processing Delay > 10min — East US 2,Sev3,Active,2024-12-20T12:00:00.000Z,,,svc-monitor|svc-evhub|svc-storage,comp-monAlert,CR-9882,TSG-221,AlertEvalBacklog,~490 customers — Critical alerts firing 10-45min late — SLO at risk,Critical alerts firing 10-45min late — SLO at risk. Root component: comp-monAlert. Triggered by CR-9882. Resolved using TSG-221.,team-obs,INC-3012|INC-2901,Japan East
INC-2662,Key Vault HSM — Failover Latency Spike — East US 2,Sev2,Resolved,2024-12-20T12:00:00.000Z,2024-12-20T13:23:00.000Z,83 min,svc-keyvault|svc-appSvc,comp-kvHSM,,TSG-255,KeyVaultError-HSMTimeout,"~12,586 customers — Secret retrieval P99 > 8s — apps timing out on startup",Secret retrieval P99 > 8s — apps timing out on startup. Root component: comp-kvHSM. Resolved using TSG-255.,team-sec,INC-2054,UK South
INC-2714,Azure Files — SMB Mount Failures — Southeast Asia,Sev0,Mitigating,2024-12-20T12:00:00.000Z,,,svc-storage|svc-monitor,comp-storageFE,,TSG-208,SMBMountFailed-53,"~456,240 customers — Azure Files shares unmountable from VMs",Azure Files shares unmountable from VMs. Root component: comp-storageFE. Resolved using TSG-208.,team-storage,INC-1365,East US 2
INC-1257,Storage RP — Throttling on PUT Operations — Australia East,Sev3,Active,2024-12-18T12:00:00.000Z,,,svc-storage|svc-ado|svc-cdn,comp-storageRP,CR-9765,TSG-208,ThrottlingError-429,"~3,078 customers — Batch upload jobs failing with throttle errors",Batch upload jobs failing with throttle errors. Root component: comp-storageRP. Triggered by CR-9765. Resolved using TSG-208.,team-storage,INC-1017,West US 2
INC-3025,Logic Apps — Connector Timeout on Large Payload — East US,Sev3,Resolved,2024-12-18T12:00:00.000Z,2024-12-18T12:50:00.000Z,50 min,svc-logicapps,comp-logicEngine,CR-9900,TSG-214,LogicApps-PayloadOverflow,"~3,479 customers — File processing workflows failing on payloads > 100MB",File processing workflows failing on payloads > 100MB. Root component: comp-logicEngine. Triggered by CR-9900. Resolved using TSG-214.,team-apps,INC-1709|INC-1201|INC-2978,UK South
INC-1989,Azure SQL — Replication Lag > 30s — Japan East,Sev1,Resolved,2024-12-17T12:00:00.000Z,2024-12-17T13:14:00.000Z,74 min,svc-sql,comp-sqlEngine,CR-9819,TSG-319,SQLReplicationLag,"~99,452 customers — Read replicas serving stale data — reporting discrepancies",Read replicas serving stale data — reporting discrepancies. Root component: comp-sqlEngine. Triggered by CR-9819. Resolved using TSG-319.,team-sql,INC-1156|INC-1709|INC-1207,West US 2
INC-3351,Functions — Scale-Out Failure on Burst — Southeast Asia,Sev2,Resolved,2024-12-17T12:00:00.000Z,2024-12-17T12:57:00.000Z,57 min,svc-functions,comp-funcScaler,,TSG-265,Functions-ScaleOutFailed,"~16,643 customers — Event queue backlog growing — SLA breach in 15min",Event queue backlog growing — SLA breach in 15min. Root component: comp-funcScaler. Resolved using TSG-265.,team-apps,INC-2787|INC-1586|INC-2746,UK South
INC-3423,Azure SQL — TLS Handshake Timeout Cascade — Japan East,Sev3,Active,2024-12-17T12:00:00.000Z,,,svc-sql,comp-sqlGW,CR-9858,TSG-319,SSL_ERROR_HANDSHAKE_FAILURE,"~1,596 customers — CI/CD pipeline SQL checks failing — connection pool exhaustion",CI/CD pipeline SQL checks failing — connection pool exhaustion. Root component: comp-sqlGW. Triggered by CR-9858. Resolved using TSG-319.,team-sql,INC-1891|INC-1381|INC-1244,Australia East
INC-3628,Event Hub Broker — Message Loss on Failover — Australia East,Sev3,Resolved,2024-12-17T12:00:00.000Z,2024-12-17T12:57:00.000Z,57 min,svc-evhub|svc-keyvault|svc-functions,comp-evhubBroker,,TSG-288,MessageLoss-GeoFailover,"~3,679 customers — ~0.02% message loss during regional failover test",~0.02% message loss during regional failover test. Root component: comp-evhubBroker. Resolved using TSG-288.,team-msg,INC-1573|INC-2774,West US 2
INC-1092,Storage Blob — 503 Connection Pool Exhaustion — Southeast Asia,Sev0,Resolved,2024-12-15T12:00:00.000Z,2024-12-15T19:38:00.000Z,458 min,svc-storage|svc-ado|svc-appSvc,comp-storageRP,,TSG-441,StorageConnPool-Exhausted,"~120,390 customers — App Service tenants seeing blob 503s",App Service tenants seeing blob 503s. Root component: comp-storageRP. Resolved using TSG-441.,team-storage,,Southeast Asia
INC-3164,Service Bus — Namespace Throttling — West US 2,Sev2,Resolved,2024-12-15T12:00:00.000Z,2024-12-15T12:45:00.000Z,45 min,svc-svcbus,comp-svcbusBroker,CR-9888,,ServiceBus-ThrottlingError,"~16,371 customers — Message send rate capped — order processing queued",Message send rate capped — order processing queued. Root component: comp-svcbusBroker. Triggered by CR-9888.,team-msg,INC-2410|INC-2206|INC-1292,Japan East
INC-1045,Key Vault — Secret Rotation Failure — East US,Sev3,Resolved,2024-12-14T12:00:00.000Z,2024-12-14T12:48:00.000Z,48 min,svc-keyvault|svc-appSvc|svc-sql,comp-kvRP,,TSG-255,SecretRotationFailed,"~1,013 customers — Automated secret rotation stalled — expiry risk",Automated secret rotation stalled — expiry risk. Root component: comp-kvRP. Resolved using TSG-255.,team-sec,INC-2901,Southeast Asia
INC-3048,CDN — Origin Shield SSL Negotiation Failure — UK South,Sev2,Resolved,2024-12-14T12:00:00.000Z,2024-12-14T13:19:00.000Z,79 min,svc-cdn|svc-storage,comp-cdnOrigin,CR-9792,TSG-214,CDN-OriginSSLError,"~8,349 customers — CDN unable to fetch from origin — all requests returning 502",CDN unable to fetch from origin — all requests returning 502. Root component: comp-cdnOrigin. Triggered by CR-9792. Resolved using TSG-214.,team-net,INC-1498,Southeast Asia
INC-1758,Azure DevOps — Pipeline Execution Failures — West US 2,Sev4,Mitigating,2024-12-13T12:00:00.000Z,,,svc-ado|svc-acr|svc-aad,comp-adoPipeline,,TSG-234,PipelineAgentUnreachable,~249 customers — CI/CD pipelines queued — no available agents,CI/CD pipelines queued — no available agents. Root component: comp-adoPipeline. Resolved using TSG-234.,team-ado,,Australia East
INC-1701,Azure DevOps — Git Push Timeout — Australia East,Sev4,Active,2024-12-12T12:00:00.000Z,,,svc-ado,comp-adoGit,,TSG-234,GitPackTimeout,~397 customers — Large repo pushes timing out — developers blocked,Large repo pushes timing out — developers blocked. Root component: comp-adoGit. Resolved using TSG-234.,team-ado,INC-1636,East US
INC-1897,Service Bus — Dead-Letter Queue Overflow — Australia East,Sev3,Resolved,2024-12-12T12:00:00.000Z,2024-12-12T12:24:00.000Z,24 min,svc-svcbus,comp-svcbusNS,CR-9894,TSG-258,ServiceBus-DLQOverflow,~282 customers — Poison messages blocking topic subscriptions — workflows stalled,Poison messages blocking topic subscriptions — workflows stalled. Root component: comp-svcbusNS. Triggered by CR-9894. Resolved using TSG-258.,team-msg,INC-1662|INC-1494|INC-1842,North EU
INC-2196,App Service — 503 Errors on Downstream SQL — North EU,Sev3,Resolved,2024-12-12T12:00:00.000Z,2024-12-12T12:19:00.000Z,19 min,svc-appSvc|svc-redis,comp-appPlan,CR-9912,,UpstreamConnectionFailure,"~3,610 customers — App Service apps returning 503 on DB-bound requests",App Service apps returning 503 on DB-bound requests. Root component: comp-appPlan. Triggered by CR-9912.,team-apps,INC-1913|INC-2129,East US 2
INC-3255,Azure DevOps — Pipeline Execution Failures — Japan East,Sev4,Resolved,2024-12-12T12:00:00.000Z,2024-12-12T12:20:00.000Z,20 min,svc-ado,comp-adoPipeline,CR-9885,TSG-234,PipelineAgentUnreachable,~301 customers — CI/CD pipelines queued — no available agents,CI/CD pipelines queued — no available agents. Root component: comp-adoPipeline. Triggered by CR-9885. Resolved using TSG-234.,team-ado,,Australia East
INC-3511,CDN — Origin Shield SSL Negotiation Failure — Australia East,Sev3,Resolved,2024-12-12T12:00:00.000Z,2024-12-12T12:44:00.000Z,44 min,svc-cdn,comp-cdnOrigin,,TSG-271,CDN-OriginSSLError,"~3,550 customers — CDN unable to fetch from origin — all requests returning 502",CDN unable to fetch from origin — all requests returning 502. Root component: comp-cdnOrigin. Resolved using TSG-271.,team-net,INC-2440|INC-1746,UK South
INC-2129,Service Bus — Namespace Throttling — UK South,Sev2,Resolved,2024-12-10T12:00:00.000Z,2024-12-10T12:33:00.000Z,33 min,svc-svcbus|svc-logicapps,comp-svcbusBroker,CR-9867,TSG-258,ServiceBus-ThrottlingError,"~21,501 customers — Message send rate capped — order processing queued",Message send rate capped — order processing queued. Root component: comp-svcbusBroker. Triggered by CR-9867. Resolved using TSG-258.,team-msg,INC-1837|INC-1750|INC-1590,East US
INC-3446,App Service — 503 Errors on Downstream SQL — Japan East,Sev3,Resolved,2024-12-10T12:00:00.000Z,2024-12-10T12:12:00.000Z,12 min,svc-appSvc,comp-appPlan,CR-9900,,UpstreamConnectionFailure,"~4,822 customers — App Service apps returning 503 on DB-bound requests",App Service apps returning 503 on DB-bound requests. Root component: comp-appPlan. Triggered by CR-9900.,team-apps,INC-3164|INC-2327|INC-1804,East US 2
INC-2013,Cosmos DB — Replication Lag > 5s — Japan East,Sev2,Resolved,2024-12-09T12:00:00.000Z,2024-12-09T12:38:00.000Z,38 min,svc-cosmos,comp-cosmosRU,,TSG-309,CosmosDB-ConsistencyViolation,"~5,294 customers — Multi-region reads returning stale data — financial integrity risk",Multi-region reads returning stale data — financial integrity risk. Root component: comp-cosmosRU. Resolved using TSG-309.,team-cosmos,INC-1463|INC-1313,Japan East
INC-1170,Cosmos DB — RU Throttling on Hot Partition — Southeast Asia,Sev4,Resolved,2024-12-08T12:00:00.000Z,2024-12-08T12:12:00.000Z,12 min,svc-cosmos,comp-cosmosRU,CR-9807,TSG-309,CosmosDB-429-TooManyRequests,~48 customers — Document writes throttled — application backpressure accumulating,Document writes throttled — application backpressure accumulating. Root component: comp-cosmosRU. Triggered by CR-9807. Resolved using TSG-309.,team-cosmos,,Australia East
INC-3573,Storage Frontend — Nginx Worker OOM — North EU,Sev3,Resolved,2024-12-08T12:00:00.000Z,2024-12-08T12:46:00.000Z,46 min,svc-storage,comp-storageFE,,TSG-208,OOMKiller-nginx,"~1,757 customers — Storage frontend crashes — intermittent 502s",Storage frontend crashes — intermittent 502s. Root component: comp-storageFE. Resolved using TSG-208.,team-storage,INC-3500,Southeast Asia
INC-3670,Logic Apps — Trigger Recurrence Drift — Southeast Asia,Sev2,Resolved,2024-12-08T12:00:00.000Z,2024-12-08T13:02:00.000Z,62 min,svc-logicapps|svc-svcbus,comp-logicEngine,CR-9864,TSG-214,LogicApps-RecurrenceDrift,"~12,449 customers — Scheduled workflows running late by up to 45min",Scheduled workflows running late by up to 45min. Root component: comp-logicEngine. Triggered by CR-9864. Resolved using TSG-214.,team-apps,INC-1866|INC-3453,UK South
INC-1438,Key Vault HSM — Failover Latency Spike — West US 2,Sev2,Mitigating,2024-12-07T12:00:00.000Z,,,svc-keyvault|svc-aad,comp-kvHSM,,TSG-255,KeyVaultError-HSMTimeout,"~15,199 customers — Secret retrieval P99 > 8s — apps timing out on startup",Secret retrieval P99 > 8s — apps timing out on startup. Root component: comp-kvHSM. Resolved using TSG-255.,team-sec,INC-3012|INC-1342|INC-1207,North EU
INC-1449,Key Vault — Certificate Auto-Renewal Stuck — Australia East,Sev3,Resolved,2024-12-06T12:00:00.000Z,2024-12-06T12:28:00.000Z,28 min,svc-keyvault|svc-storage|svc-aks,comp-kvHSM,CR-9840,,CertRenewalFailed,"~3,050 customers — SSL certificates nearing expiry — manual intervention needed",SSL certificates nearing expiry — manual intervention needed. Root component: comp-kvHSM. Triggered by CR-9840.,team-sec,INC-1144|INC-1037|INC-1153,North EU
INC-1640,Key Vault — Access Policy Propagation Delay — Southeast Asia,Sev2,Resolved,2024-12-05T12:00:00.000Z,2024-12-05T12:58:00.000Z,58 min,svc-keyvault,comp-kvRP,,TSG-255,Forbidden-403,"~15,053 customers — New app identities unable to access secrets after RBAC grant",New app identities unable to access secrets after RBAC grant. Root component: comp-kvRP. Resolved using TSG-255.,team-sec,INC-1229,Australia East
INC-2783,Key Vault — Secret Rotation Failure — East US 2,Sev2,Mitigating,2024-12-05T12:00:00.000Z,,,svc-keyvault,comp-kvRP,CR-9786,,SecretRotationFailed,"~11,159 customers — Automated secret rotation stalled — expiry risk",Automated secret rotation stalled — expiry risk. Root component: comp-kvRP. Triggered by CR-9786.,team-sec,,Southeast Asia
INC-1207,Functions — Scale-Out Failure on Burst — Australia East,Sev0,Resolved,2024-12-04T12:00:00.000Z,2024-12-04T15:56:00.000Z,236 min,svc-functions|svc-redis|svc-aad,comp-funcScaler,CR-9795,,Functions-ScaleOutFailed,"~354,887 customers — Event queue backlog growing — SLA breach in 15min",Event queue backlog growing — SLA breach in 15min. Root component: comp-funcScaler. Triggered by CR-9795.,team-apps,INC-1017|INC-1188,East US
INC-1648,Azure Monitor — Metric Query Failures — Australia East,Sev3,Resolved,2024-12-04T12:00:00.000Z,2024-12-04T12:49:00.000Z,49 min,svc-monitor|svc-storage,comp-monAlert,,TSG-221,MetricStoreUnavailable,"~1,680 customers — Azure portal metric charts blank — troubleshooting impaired",Azure portal metric charts blank — troubleshooting impaired. Root component: comp-monAlert. Resolved using TSG-221.,team-obs,INC-1292|INC-3310,UK South
INC-1722,Logic Apps — Connector Timeout on Large Payload — Southeast Asia,Sev3,Mitigating,2024-12-04T12:00:00.000Z,,,svc-logicapps|svc-storage|svc-svcbus,comp-logicEngine,CR-9816,TSG-214,LogicApps-PayloadOverflow,"~4,377 customers — File processing workflows failing on payloads > 100MB",File processing workflows failing on payloads > 100MB. Root component: comp-logicEngine. Triggered by CR-9816. Resolved using TSG-214.,team-apps,,Southeast Asia
INC-2320,AKS — Control Plane API Server Unavailable — East US 2,Sev4,Resolved,2024-12-04T12:00:00.000Z,2024-12-04T12:08:00.000Z,8 min,svc-aks|svc-aad,comp-aksCP,CR-9870,TSG-301,AKS-APIServerTimeout,~346 customers — kubectl commands timing out — deployments and rollbacks frozen,kubectl commands timing out — deployments and rollbacks frozen. Root component: comp-aksCP. Triggered by CR-9870. Resolved using TSG-301.,team-containers,INC-1648|INC-2241,West US 2
INC-1416,AKS — Upgrade Version Skew Crash — East US 2,Sev3,Active,2024-12-03T12:00:00.000Z,,,svc-aks|svc-aad,comp-aksCP,CR-9876,TSG-301,AKS-VersionSkewError,"~2,490 customers — Mixed node versions causing scheduler failures",Mixed node versions causing scheduler failures. Root component: comp-aksCP. Triggered by CR-9876. Resolved using TSG-301.,team-containers,INC-1188,Japan East
INC-1614,App Service — Autoscale Not Triggering — Japan East,Sev2,Resolved,2024-12-03T12:00:00.000Z,2024-12-03T13:22:00.000Z,82 min,svc-appSvc,comp-appPlan,CR-9888,TSG-271,AutoscaleDecisionDelay,"~2,199 customers — Traffic spike absorbing all instances — high error rate",Traffic spike absorbing all instances — high error rate. Root component: comp-appPlan. Triggered by CR-9888. Resolved using TSG-271.,team-apps,INC-1295,East US 2
INC-3578,ACR — Push Rate Limit Exceeded — West US 2,Sev4,Resolved,2024-12-03T12:00:00.000Z,2024-12-03T12:25:00.000Z,25 min,svc-acr|svc-ado,comp-acrRegistry,CR-9759,TSG-241,ACR-RateLimitExceeded,~326 customers — CI pipeline image pushes rejected — build artifacts lost,CI pipeline image pushes rejected — build artifacts lost. Root component: comp-acrRegistry. Triggered by CR-9759. Resolved using TSG-241.,team-containers,,North EU
INC-1099,Redis — Cluster Shard Rebalancing Timeout — East US,Sev3,Resolved,2024-12-02T12:00:00.000Z,2024-12-02T12:22:00.000Z,22 min,svc-redis|svc-aad,comp-redisCluster,CR-9825,TSG-279,Redis-CLUSTERDOWN,"~3,136 customers — Cache unavailable during rebalancing — DB hit rate spikes 10×",Cache unavailable during rebalancing — DB hit rate spikes 10×. Root component: comp-redisCluster. Triggered by CR-9825. Resolved using TSG-279.,team-cache,,West US 2
INC-2824,Azure SQL — TLS Handshake Timeout Cascade — Japan East,Sev4,Resolved,2024-12-01T12:00:00.000Z,2024-12-01T12:26:00.000Z,26 min,svc-sql|svc-appSvc|svc-keyvault,comp-sqlGW,CR-9906,TSG-319,SSL_ERROR_HANDSHAKE_FAILURE,~395 customers — CI/CD pipeline SQL checks failing — connection pool exhaustion,CI/CD pipeline SQL checks failing — connection pool exhaustion. Root component: comp-sqlGW. Triggered by CR-9906. Resolved using TSG-319.,team-sql,,East US 2
INC-3721,AAD — Conditional Access Policy Loop — UK South,Sev1,Resolved,2024-12-01T12:00:00.000Z,2024-12-01T13:08:00.000Z,68 min,svc-aad,comp-aadSTS,,TSG-382,AADSTS53003,"~15,113 customers — MFA loop for enterprise tenants — users locked out",MFA loop for enterprise tenants — users locked out. Root component: comp-aadSTS. Resolved using TSG-382.,team-aad,,North EU
INC-1181,AKS — Upgrade Version Skew Crash — Southeast Asia,Sev2,Resolved,2024-11-30T12:00:00.000Z,2024-11-30T13:24:00.000Z,84 min,svc-aks|svc-lb,comp-aksCP,CR-9921,TSG-301,AKS-VersionSkewError,"~26,290 customers — Mixed node versions causing scheduler failures",Mixed node versions causing scheduler failures. Root component: comp-aksCP. Triggered by CR-9921. Resolved using TSG-301.,team-containers,,Australia East
INC-1456,Event Hub — Namespace Quota Exceeded — Australia East,Sev2,Resolved,2024-11-30T12:00:00.000Z,2024-11-30T12:56:00.000Z,56 min,svc-evhub|svc-monitor|svc-keyvault,comp-evhubNS,,TSG-288,QuotaExceeded-NamespaceUnits,"~26,234 customers — New connections rejected — active producers failing",New connections rejected — active producers failing. Root component: comp-evhubNS. Resolved using TSG-288.,team-msg,,Australia East
INC-1855,Azure Event Hub — Throughput Degradation — West US 2,Sev2,Mitigating,2024-11-30T12:00:00.000Z,,,svc-evhub,comp-evhubNS,,TSG-288,EventHubThrottlingException,"~18,540 customers — Consumer group lag accumulating — message delivery delay >90s",Consumer group lag accumulating — message delivery delay >90s. Root component: comp-evhubNS. Resolved using TSG-288.,team-msg,INC-1260|INC-1108|INC-1494,East US
INC-2178,Redis — Cluster Shard Rebalancing Timeout — West US 2,Sev4,Mitigating,2024-11-30T12:00:00.000Z,,,svc-redis|svc-aad|svc-appSvc,comp-redisCluster,CR-9921,TSG-279,Redis-CLUSTERDOWN,~364 customers — Cache unavailable during rebalancing — DB hit rate spikes 10×,Cache unavailable during rebalancing — DB hit rate spikes 10×. Root component: comp-redisCluster. Triggered by CR-9921. Resolved using TSG-279.,team-cache,,East US
INC-1475,Cosmos DB — Index Policy Rebuild Timeout — West US 2,Sev4,Resolved,2024-11-29T12:00:00.000Z,2024-11-29T12:05:00.000Z,5 min,svc-cosmos|svc-aad|svc-appSvc,comp-cosmosRU,,TSG-309,CosmosDB-IndexBuildTimeout,~24 customers — Queries returning full scans — 100× latency increase,Queries returning full scans — 100× latency increase. Root component: comp-cosmosRU. Resolved using TSG-309.,team-cosmos,,East US 2
INC-1876,App Service — Deployment Slot Swap Hung — Australia East,Sev4,Resolved,2024-11-29T12:00:00.000Z,2024-11-29T12:23:00.000Z,23 min,svc-appSvc|svc-keyvault,comp-appGW,CR-9798,TSG-271,SlotSwapTimeout,~106 customers — Blue/green deployments blocked — rollback not possible,Blue/green deployments blocked — rollback not possible. Root component: comp-appGW. Triggered by CR-9798. Resolved using TSG-271.,team-apps,,UK South
INC-2261,Key Vault HSM — Failover Latency Spike — Japan East,Sev2,Resolved,2024-11-29T12:00:00.000Z,2024-11-29T12:41:00.000Z,41 min,svc-keyvault,comp-kvHSM,,TSG-255,KeyVaultError-HSMTimeout,"~20,248 customers — Secret retrieval P99 > 8s — apps timing out on startup",Secret retrieval P99 > 8s — apps timing out on startup. Root component: comp-kvHSM. Resolved using TSG-255.,team-sec,,North EU
INC-2307,App Service — Deployment Slot Swap Hung — UK South,Sev2,Resolved,2024-11-29T12:00:00.000Z,2024-11-29T13:05:00.000Z,65 min,svc-appSvc,comp-appGW,CR-9792,TSG-271,SlotSwapTimeout,"~24,764 customers — Blue/green deployments blocked — rollback not possible",Blue/green deployments blocked — rollback not possible. Root component: comp-appGW. Triggered by CR-9792. Resolved using TSG-271.,team-apps,INC-1722|INC-1059|INC-2847,East US
INC-2602,Cosmos DB — Replication Lag > 5s — Japan East,Sev4,Resolved,2024-11-28T12:00:00.000Z,2024-11-28T12:30:00.000Z,30 min,svc-cosmos|svc-functions|svc-aad,comp-cosmosRU,CR-9855,,CosmosDB-ConsistencyViolation,~142 customers — Multi-region reads returning stale data — financial integrity risk,Multi-region reads returning stale data — financial integrity risk. Root component: comp-cosmosRU. Triggered by CR-9855.,team-cosmos,INC-2090,Southeast Asia
INC-2065,App Service — Autoscale Not Triggering — Japan East,Sev4,Resolved,2024-11-27T12:00:00.000Z,2024-11-27T12:24:00.000Z,24 min,svc-appSvc|svc-aad,comp-appPlan,,TSG-271,AutoscaleDecisionDelay,~424 customers — Traffic spike absorbing all instances — high error rate,Traffic spike absorbing all instances — high error rate. Root component: comp-appPlan. Resolved using TSG-271.,team-apps,INC-3204,Japan East
INC-3586,Azure Monitor — Metric Query Failures — Australia East,Sev4,Resolved,2024-11-26T12:00:00.000Z,2024-11-26T12:20:00.000Z,20 min,svc-monitor|svc-svcbus|svc-aks,comp-monAlert,CR-9777,TSG-221,MetricStoreUnavailable,~397 customers — Azure portal metric charts blank — troubleshooting impaired,Azure portal metric charts blank — troubleshooting impaired. Root component: comp-monAlert. Triggered by CR-9777. Resolved using TSG-221.,team-obs,INC-3432,West US 2
INC-2259,Storage RP — Throttling on PUT Operations — West US 2,Sev2,Resolved,2024-11-25T12:00:00.000Z,2024-11-25T12:45:00.000Z,45 min,svc-storage|svc-functions|svc-ado,comp-storageRP,,TSG-208,ThrottlingError-429,"~8,964 customers — Batch upload jobs failing with throttle errors",Batch upload jobs failing with throttle errors. Root component: comp-storageRP. Resolved using TSG-208.,team-storage,INC-1954|INC-1201|INC-1750,East US 2
INC-2922,CDN — Cache Purge Propagation Delay — West US 2,Sev3,Resolved,2024-11-25T12:00:00.000Z,2024-11-25T12:22:00.000Z,22 min,svc-cdn,comp-cdnPOP,CR-9867,TSG-195,CDN-PurgeTimeout,"~3,546 customers — Stale content served after deployment — 5% of users seeing old UI",Stale content served after deployment — 5% of users seeing old UI. Root component: comp-cdnPOP. Triggered by CR-9867. Resolved using TSG-195.,team-net,INC-2161,Southeast Asia
INC-3482,Azure Monitor — Alert Processing Delay > 10min — West US 2,Sev4,Resolved,2024-11-25T12:00:00.000Z,2024-11-25T12:22:00.000Z,22 min,svc-monitor|svc-aks|svc-storage,comp-monAlert,,,AlertEvalBacklog,~337 customers — Critical alerts firing 10-45min late — SLO at risk,Critical alerts firing 10-45min late — SLO at risk. Root component: comp-monAlert.,team-obs,INC-2502|INC-1475|INC-1822,UK South
INC-1790,Cosmos DB — Index Policy Rebuild Timeout — North EU,Sev2,Resolved,2024-11-24T12:00:00.000Z,2024-11-24T13:22:00.000Z,82 min,svc-cosmos|svc-aad,comp-cosmosRU,CR-9873,TSG-309,CosmosDB-IndexBuildTimeout,"~13,948 customers — Queries returning full scans — 100× latency increase",Queries returning full scans — 100× latency increase. Root component: comp-cosmosRU. Triggered by CR-9873. Resolved using TSG-309.,team-cosmos,INC-1556|INC-1662,East US
INC-1814,Redis — Memory Eviction Storm — UK South,Sev1,Resolved,2024-11-24T12:00:00.000Z,2024-11-24T13:04:00.000Z,64 min,svc-redis,comp-redisCluster,CR-9924,TSG-279,Redis-OOM-MaxMemory,"~52,963 customers — Hot keys evicted — session data lost for ~5% active users",Hot keys evicted — session data lost for ~5% active users. Root component: comp-redisCluster. Triggered by CR-9924. Resolved using TSG-279.,team-cache,INC-1674|INC-1671,East US 2
INC-2346,Cosmos DB — Replication Lag > 5s — Japan East,Sev4,Mitigating,2024-11-24T12:00:00.000Z,,,svc-cosmos,comp-cosmosRU,,TSG-309,CosmosDB-ConsistencyViolation,~56 customers — Multi-region reads returning stale data — financial integrity risk,Multi-region reads returning stale data — financial integrity risk. Root component: comp-cosmosRU. Resolved using TSG-309.,team-cosmos,INC-1449,UK South
INC-1837,Azure SQL Elastic Pool — DTU Cap Hit — North EU,Sev3,Resolved,2024-11-23T12:00:00.000Z,2024-11-23T12:47:00.000Z,47 min,svc-sql,comp-sqlEngine,,,ResourceGovernorLimit,"~2,676 customers — Query timeouts across all elastic pool databases",Query timeouts across all elastic pool databases. Root component: comp-sqlEngine.,team-sql,INC-1167|INC-1079|INC-1201,East US 2
INC-2153,CDN — Origin Shield SSL Negotiation Failure — Japan East,Sev3,Resolved,2024-11-23T12:00:00.000Z,2024-11-23T12:19:00.000Z,19 min,svc-cdn|svc-storage,comp-cdnOrigin,,TSG-234,CDN-OriginSSLError,~970 customers — CDN unable to fetch from origin — all requests returning 502,CDN unable to fetch from origin — all requests returning 502. Root component: comp-cdnOrigin. Resolved using TSG-234.,team-net,INC-1653,North EU
INC-2202,Redis — Cluster Shard Rebalancing Timeout — Australia East,Sev3,Resolved,2024-11-23T12:00:00.000Z,2024-11-23T12:12:00.000Z,12 min,svc-redis,comp-redisCluster,CR-9846,TSG-279,Redis-CLUSTERDOWN,~871 customers — Cache unavailable during rebalancing — DB hit rate spikes 10×,Cache unavailable during rebalancing — DB hit rate spikes 10×. Root component: comp-redisCluster. Triggered by CR-9846. Resolved using TSG-279.,team-cache,INC-2115|INC-1386,North EU
INC-2787,Azure Monitor — Metric Query Failures — North EU,Sev3,Resolved,2024-11-23T12:00:00.000Z,2024-11-23T12:40:00.000Z,40 min,svc-monitor|svc-aks,comp-monAlert,CR-9822,TSG-221,MetricStoreUnavailable,"~1,424 customers — Azure portal metric charts blank — troubleshooting impaired",Azure portal metric charts blank — troubleshooting impaired. Root component: comp-monAlert. Triggered by CR-9822. Resolved using TSG-221.,team-obs,,Japan East
INC-1961,Azure AD — Auth Token Issuance Failures — Australia East,Sev2,Resolved,2024-11-22T12:00:00.000Z,2024-11-22T13:20:00.000Z,80 min,svc-aad|svc-keyvault|svc-redis,comp-aadSTS,,,AADSTS700016,"~11,486 customers — SSO failures across M365 and Azure Portal",SSO failures across M365 and Azure Portal. Root component: comp-aadSTS.,team-aad,INC-1463|INC-1144|INC-1795,UK South
INC-2518,APIM — Rate Limit Policy Misconfiguration — UK South,Sev2,Resolved,2024-11-22T12:00:00.000Z,2024-11-22T12:29:00.000Z,29 min,svc-apim|svc-lb,comp-apimGW,CR-9897,TSG-248,APIM-RateLimitBreach,"~6,447 customers — High-value tenants throttled incorrectly — SLA breach",High-value tenants throttled incorrectly — SLA breach. Root component: comp-apimGW. Triggered by CR-9897. Resolved using TSG-248.,team-net,INC-1065,East US 2
INC-2759,CDN — Origin Shield SSL Negotiation Failure — Australia East,Sev4,Resolved,2024-11-22T12:00:00.000Z,2024-11-22T12:10:00.000Z,10 min,svc-cdn|svc-storage,comp-cdnOrigin,CR-9858,TSG-208,CDN-OriginSSLError,~438 customers — CDN unable to fetch from origin — all requests returning 502,CDN unable to fetch from origin — all requests returning 502. Root component: comp-cdnOrigin. Triggered by CR-9858. Resolved using TSG-208.,team-net,INC-1983,Southeast Asia
INC-3711,CDN — Cache Purge Propagation Delay — West US 2,Sev3,Active,2024-11-22T12:00:00.000Z,,,svc-cdn|svc-storage,comp-cdnPOP,,TSG-382,CDN-PurgeTimeout,"~4,852 customers — Stale content served after deployment — 5% of users seeing old UI",Stale content served after deployment — 5% of users seeing old UI. Root component: comp-cdnPOP. Resolved using TSG-382.,team-net,INC-2410,East US
INC-1279,Cosmos Gateway — TLS Handshake Failure — West US 2,Sev0,Resolved,2024-11-21T12:00:00.000Z,2024-11-21T19:46:00.000Z,466 min,svc-cosmos|svc-aad|svc-functions,comp-cosmosGW,,TSG-309,CosmosGW-TLS-Error,"~106,363 customers — SDK connections failing — apps unable to connect to Cosmos",SDK connections failing — apps unable to connect to Cosmos. Root component: comp-cosmosGW. Resolved using TSG-309.,team-cosmos,,Japan East
INC-1085,CDN — Origin Shield SSL Negotiation Failure — Southeast Asia,Sev1,Resolved,2024-11-20T12:00:00.000Z,2024-11-20T13:33:00.000Z,93 min,svc-cdn|svc-storage,comp-cdnOrigin,CR-9759,TSG-248,CDN-OriginSSLError,"~84,349 customers — CDN unable to fetch from origin — all requests returning 502",CDN unable to fetch from origin — all requests returning 502. Root component: comp-cdnOrigin. Triggered by CR-9759. Resolved using TSG-248.,team-net,INC-1023|INC-3012,North EU
INC-3161,Cosmos DB — RU Throttling on Hot Partition — Japan East,Sev4,Resolved,2024-11-19T12:00:00.000Z,2024-11-19T12:24:00.000Z,24 min,svc-cosmos,comp-cosmosRU,,TSG-309,CosmosDB-429-TooManyRequests,~372 customers — Document writes throttled — application backpressure accumulating,Document writes throttled — application backpressure accumulating. Root component: comp-cosmosRU. Resolved using TSG-309.,team-cosmos,INC-1479,Japan East
INC-3453,APIM Gateway — Backend Circuit Breaker Open — Southeast Asia,Sev1,Resolved,2024-11-19T12:00:00.000Z,2024-11-19T14:57:00.000Z,177 min,svc-apim|svc-lb,comp-apimGW,,TSG-248,APIM-BackendUnhealthy,"~81,496 customers — All API traffic failing with 503 — 100% error rate",All API traffic failing with 503 — 100% error rate. Root component: comp-apimGW. Resolved using TSG-248.,team-net,INC-2110,Australia East
INC-1292,CDN POP — Traffic Spike Causing Eviction — Southeast Asia,Sev4,Resolved,2024-11-18T12:00:00.000Z,2024-11-18T12:09:00.000Z,9 min,svc-cdn|svc-storage,comp-cdnPOP,CR-9783,TSG-301,CDN-CacheEviction,~407 customers — Cache hit ratio drops to 20% — origin overloaded,Cache hit ratio drops to 20% — origin overloaded. Root component: comp-cdnPOP. Triggered by CR-9783. Resolved using TSG-301.,team-net,,Japan East
INC-2297,Storage RP — Throttling on PUT Operations — North EU,Sev3,Resolved,2024-11-18T12:00:00.000Z,2024-11-18T12:21:00.000Z,21 min,svc-storage|svc-functions|svc-keyvault,comp-storageRP,CR-9774,TSG-208,ThrottlingError-429,"~1,006 customers — Batch upload jobs failing with throttle errors",Batch upload jobs failing with throttle errors. Root component: comp-storageRP. Triggered by CR-9774. Resolved using TSG-208.,team-storage,INC-1961|INC-1463|INC-1586,East US 2
INC-2424,ACR — Image Pull Failures East US — Japan East,Sev3,Resolved,2024-11-17T12:00:00.000Z,2024-11-17T12:30:00.000Z,30 min,svc-acr,comp-acrRegistry,CR-9786,TSG-241,ACR-ManifestNotFound,"~1,056 customers — AKS pods failing to pull images — deployment rollouts blocked",AKS pods failing to pull images — deployment rollouts blocked. Root component: comp-acrRegistry. Triggered by CR-9786. Resolved using TSG-241.,team-containers,INC-1257,East US
INC-2331,Functions — Scale-Out Failure on Burst — North EU,Sev3,Resolved,2024-11-16T12:00:00.000Z,2024-11-16T12:53:00.000Z,53 min,svc-functions|svc-aad,comp-funcScaler,CR-9930,TSG-265,Functions-ScaleOutFailed,~498 customers — Event queue backlog growing — SLA breach in 15min,Event queue backlog growing — SLA breach in 15min. Root component: comp-funcScaler. Triggered by CR-9930. Resolved using TSG-265.,team-apps,INC-1674|INC-1229|INC-1393,North EU
INC-3201,Logic Apps — OAuth Token Expiry Loop — West US 2,Sev3,Mitigating,2024-11-16T12:00:00.000Z,,,svc-logicapps,comp-logicConn,,TSG-214,LogicApps-AuthExpired,"~2,305 customers — Automated workflows paused — IT approval workflows broken",Automated workflows paused — IT approval workflows broken. Root component: comp-logicConn. Resolved using TSG-214.,team-apps,INC-2896|INC-2941|INC-2297,UK South
INC-3360,Azure Monitor — Alert Processing Delay > 10min — Southeast Asia,Sev2,Resolved,2024-11-16T12:00:00.000Z,2024-11-16T12:48:00.000Z,48 min,svc-monitor|svc-aks,comp-monAlert,CR-9822,TSG-221,AlertEvalBacklog,"~22,543 customers — Critical alerts firing 10-45min late — SLO at risk",Critical alerts firing 10-45min late — SLO at risk. Root component: comp-monAlert. Triggered by CR-9822. Resolved using TSG-221.,team-obs,INC-1596|INC-1138|INC-1767,Southeast Asia
INC-2971,App Service — Autoscale Not Triggering — UK South,Sev2,Resolved,2024-11-15T12:00:00.000Z,2024-11-15T12:58:00.000Z,58 min,svc-appSvc|svc-lb,comp-appPlan,,TSG-271,AutoscaleDecisionDelay,"~19,919 customers — Traffic spike absorbing all instances — high error rate",Traffic spike absorbing all instances — high error rate. Root component: comp-appPlan. Resolved using TSG-271.,team-apps,,UK South
INC-1624,Service Bus — Dead-Letter Queue Overflow — North EU,Sev4,Resolved,2024-11-14T12:00:00.000Z,2024-11-14T12:17:00.000Z,17 min,svc-svcbus|svc-logicapps,comp-svcbusNS,CR-9759,,ServiceBus-DLQOverflow,~77 customers — Poison messages blocking topic subscriptions — workflows stalled,Poison messages blocking topic subscriptions — workflows stalled. Root component: comp-svcbusNS. Triggered by CR-9759.,team-msg,,UK South
INC-2097,Azure Monitor — Metric Query Failures — Southeast Asia,Sev2,Resolved,2024-11-14T12:00:00.000Z,2024-11-14T12:43:00.000Z,43 min,svc-monitor|svc-svcbus,comp-monAlert,,TSG-221,MetricStoreUnavailable,"~3,684 customers — Azure portal metric charts blank — troubleshooting impaired",Azure portal metric charts blank — troubleshooting impaired. Root component: comp-monAlert. Resolved using TSG-221.,team-obs,INC-1520|INC-1279|INC-1347,Southeast Asia
INC-2803,CDN POP — Traffic Spike Causing Eviction — UK South,Sev2,Resolved,2024-11-14T12:00:00.000Z,2024-11-14T12:28:00.000Z,28 min,svc-cdn,comp-cdnPOP,CR-9909,TSG-214,CDN-CacheEviction,"~10,442 customers — Cache hit ratio drops to 20% — origin overloaded",Cache hit ratio drops to 20% — origin overloaded. Root component: comp-cdnPOP. Triggered by CR-9909. Resolved using TSG-214.,team-net,INC-1604|INC-1995,East US 2
INC-2955,AKS — Node Pool OOM Eviction Storm — North EU,Sev4,Resolved,2024-11-14T12:00:00.000Z,2024-11-14T12:19:00.000Z,19 min,svc-aks|svc-keyvault,comp-aksNodepool,,TSG-301,AKS-OOMEviction,~483 customers — Pods evicted across multiple nodes — service disruption,Pods evicted across multiple nodes — service disruption. Root component: comp-aksNodepool. Resolved using TSG-301.,team-containers,INC-2226|INC-1853|INC-3488,North EU
INC-3594,Key Vault — Certificate Auto-Renewal Stuck — North EU,Sev1,Resolved,2024-11-14T12:00:00.000Z,2024-11-14T14:42:00.000Z,162 min,svc-keyvault|svc-storage|svc-appSvc,comp-kvHSM,CR-9822,TSG-255,CertRenewalFailed,"~38,757 customers — SSL certificates nearing expiry — manual intervention needed",SSL certificates nearing expiry — manual intervention needed. Root component: comp-kvHSM. Triggered by CR-9822. Resolved using TSG-255.,team-sec,,West US 2
INC-1732,Logic Apps — Connector Timeout on Large Payload — East US 2,Sev2,Resolved,2024-11-13T12:00:00.000Z,2024-11-13T12:25:00.000Z,25 min,svc-logicapps|svc-svcbus,comp-logicEngine,,TSG-214,LogicApps-PayloadOverflow,"~17,299 customers — File processing workflows failing on payloads > 100MB",File processing workflows failing on payloads > 100MB. Root component: comp-logicEngine. Resolved using TSG-214.,team-apps,,Australia East
INC-1887,Service Bus — Dead-Letter Queue Overflow — North EU,Sev4,Resolved,2024-11-13T12:00:00.000Z,2024-11-13T12:17:00.000Z,17 min,svc-svcbus|svc-logicapps,comp-svcbusNS,CR-9765,TSG-258,ServiceBus-DLQOverflow,~162 customers — Poison messages blocking topic subscriptions — workflows stalled,Poison messages blocking topic subscriptions — workflows stalled. Root component: comp-svcbusNS. Triggered by CR-9765. Resolved using TSG-258.,team-msg,INC-1684|INC-1213,Southeast Asia
INC-3273,CDN POP — Traffic Spike Causing Eviction — West US 2,Sev2,Resolved,2024-11-13T12:00:00.000Z,2024-11-13T12:28:00.000Z,28 min,svc-cdn|svc-storage,comp-cdnPOP,CR-9813,,CDN-CacheEviction,"~8,557 customers — Cache hit ratio drops to 20% — origin overloaded",Cache hit ratio drops to 20% — origin overloaded. Root component: comp-cdnPOP. Triggered by CR-9813.,team-net,INC-2493|INC-1092,Southeast Asia
INC-1079,ACR — Image Pull Failures East US — West US 2,Sev1,Resolved,2024-11-12T12:00:00.000Z,2024-11-12T13:27:00.000Z,87 min,svc-acr|svc-ado,comp-acrRegistry,,,ACR-ManifestNotFound,"~75,155 customers — AKS pods failing to pull images — deployment rollouts blocked",AKS pods failing to pull images — deployment rollouts blocked. Root component: comp-acrRegistry.,team-containers,INC-3488|INC-2901|INC-3156,West US 2
INC-2083,Monitor — Log Analytics Ingestion Lag — UK South,Sev3,Resolved,2024-11-12T12:00:00.000Z,2024-11-12T12:34:00.000Z,34 min,svc-monitor|svc-aks,comp-logAnalytics,,TSG-221,IngestionLag,"~2,997 customers — Dashboards showing stale data — oncall missing signals",Dashboards showing stale data — oncall missing signals. Root component: comp-logAnalytics. Resolved using TSG-221.,team-obs,INC-1153|INC-1270|INC-2037,East US
INC-2375,Azure SQL Elastic Pool — DTU Cap Hit — West US 2,Sev3,Active,2024-11-12T12:00:00.000Z,,,svc-sql|svc-appSvc,comp-sqlEngine,CR-9846,TSG-319,ResourceGovernorLimit,"~3,104 customers — Query timeouts across all elastic pool databases",Query timeouts across all elastic pool databases. Root component: comp-sqlEngine. Triggered by CR-9846. Resolved using TSG-319.,team-sql,INC-1475|INC-1989|INC-1722,Japan East
INC-2493,AAD — Conditional Access Policy Loop — West US 2,Sev2,Resolved,2024-11-11T12:00:00.000Z,2024-11-11T12:53:00.000Z,53 min,svc-aad|svc-aks,comp-aadSTS,CR-9753,TSG-382,AADSTS53003,"~4,608 customers — MFA loop for enterprise tenants — users locked out",MFA loop for enterprise tenants — users locked out. Root component: comp-aadSTS. Triggered by CR-9753. Resolved using TSG-382.,team-aad,INC-1923,West US 2
INC-2607,Storage Blob — 503 Connection Pool Exhaustion — East US,Sev4,Resolved,2024-11-11T12:00:00.000Z,2024-11-11T12:07:00.000Z,7 min,svc-storage|svc-cdn,comp-storageRP,CR-9867,TSG-208,StorageConnPool-Exhausted,~499 customers — App Service tenants seeing blob 503s,App Service tenants seeing blob 503s. Root component: comp-storageRP. Triggered by CR-9867. Resolved using TSG-208.,team-storage,INC-2235|INC-1327,West US 2
INC-3621,ACR — Geo-Replication Sync Lag > 10min — UK South,Sev3,Resolved,2024-11-09T12:00:00.000Z,2024-11-09T12:27:00.000Z,27 min,svc-acr,comp-acrGeo,CR-9807,TSG-241,ACR-GeoSyncTimeout,"~4,258 customers — Cross-region image availability degraded — DR runbooks at risk",Cross-region image availability degraded — DR runbooks at risk. Root component: comp-acrGeo. Triggered by CR-9807. Resolved using TSG-241.,team-containers,INC-2522|INC-3545|INC-2807,East US
INC-1822,APIM — Rate Limit Policy Misconfiguration — East US,Sev2,Resolved,2024-11-08T12:00:00.000Z,2024-11-08T13:12:00.000Z,72 min,svc-apim|svc-lb,comp-apimGW,,TSG-248,APIM-RateLimitBreach,"~15,166 customers — High-value tenants throttled incorrectly — SLA breach",High-value tenants throttled incorrectly — SLA breach. Root component: comp-apimGW. Resolved using TSG-248.,team-net,INC-1170|INC-1099,Australia East
INC-2140,Event Hub — Namespace Quota Exceeded — East US,Sev3,Resolved,2024-11-08T12:00:00.000Z,2024-11-08T12:21:00.000Z,21 min,svc-evhub|svc-functions,comp-evhubNS,CR-9879,TSG-288,QuotaExceeded-NamespaceUnits,"~2,360 customers — New connections rejected — active producers failing",New connections rejected — active producers failing. Root component: comp-evhubNS. Triggered by CR-9879. Resolved using TSG-288.,team-msg,INC-1116|INC-1961,Japan East
INC-3061,Storage RP — Throttling on PUT Operations — Australia East,Sev3,Resolved,2024-11-07T12:00:00.000Z,2024-11-07T12:17:00.000Z,17 min,svc-storage|svc-logicapps|svc-appSvc,comp-storageRP,CR-9759,TSG-208,ThrottlingError-429,"~3,267 customers — Batch upload jobs failing with throttle errors",Batch upload jobs failing with throttle errors. Root component: comp-storageRP. Triggered by CR-9759. Resolved using TSG-208.,team-storage,INC-3005|INC-2654|INC-1561,Australia East
INC-3253,Storage Frontend — Nginx Worker OOM — West US 2,Sev0,Resolved,2024-11-06T12:00:00.000Z,2024-11-06T19:53:00.000Z,473 min,svc-storage|svc-keyvault|svc-functions,comp-storageFE,,TSG-441,OOMKiller-nginx,"~421,348 customers — Storage frontend crashes — intermittent 502s",Storage frontend crashes — intermittent 502s. Root component: comp-storageFE. Resolved using TSG-441.,team-storage,INC-3156|INC-1782,Southeast Asia
INC-3308,Service Bus — Dead-Letter Queue Overflow — East US 2,Sev3,Resolved,2024-11-06T12:00:00.000Z,2024-11-06T12:23:00.000Z,23 min,svc-svcbus|svc-keyvault|svc-monitor,comp-svcbusNS,CR-9909,TSG-258,ServiceBus-DLQOverflow,"~4,758 customers — Poison messages blocking topic subscriptions — workflows stalled",Poison messages blocking topic subscriptions — workflows stalled. Root component: comp-svcbusNS. Triggered by CR-9909. Resolved using TSG-258.,team-msg,INC-1438|INC-1695|INC-3033,North EU
INC-1976,Service Bus — Namespace Throttling — East US 2,Sev3,Resolved,2024-11-05T12:00:00.000Z,2024-11-05T12:26:00.000Z,26 min,svc-svcbus|svc-keyvault,comp-svcbusBroker,,TSG-258,ServiceBus-ThrottlingError,"~3,497 customers — Message send rate capped — order processing queued",Message send rate capped — order processing queued. Root component: comp-svcbusBroker. Resolved using TSG-258.,team-msg,INC-1954|INC-1023|INC-1347,North EU
INC-2061,ACR — Image Pull Failures East US — North EU,Sev3,Resolved,2024-11-05T12:00:00.000Z,2024-11-05T12:19:00.000Z,19 min,svc-acr|svc-aks,comp-acrRegistry,CR-9903,TSG-241,ACR-ManifestNotFound,"~2,443 customers — AKS pods failing to pull images — deployment rollouts blocked",AKS pods failing to pull images — deployment rollouts blocked. Root component: comp-acrRegistry. Triggered by CR-9903. Resolved using TSG-241.,team-containers,INC-1947,Southeast Asia
INC-2990,CDN — Cache Purge Propagation Delay — East US,Sev4,Resolved,2024-11-05T12:00:00.000Z,2024-11-05T12:29:00.000Z,29 min,svc-cdn,comp-cdnPOP,CR-9819,TSG-288,CDN-PurgeTimeout,~145 customers — Stale content served after deployment — 5% of users seeing old UI,Stale content served after deployment — 5% of users seeing old UI. Root component: comp-cdnPOP. Triggered by CR-9819. Resolved using TSG-288.,team-net,INC-2618,North EU
INC-2571,Key Vault — Access Policy Propagation Delay — East US 2,Sev4,Resolved,2024-11-04T12:00:00.000Z,2024-11-04T12:26:00.000Z,26 min,svc-keyvault|svc-appSvc,comp-kvRP,,,Forbidden-403,~130 customers — New app identities unable to access secrets after RBAC grant,New app identities unable to access secrets after RBAC grant. Root component: comp-kvRP.,team-sec,,West US 2
INC-1773,Functions — Scale-Out Failure on Burst — Australia East,Sev1,Resolved,2024-11-03T12:00:00.000Z,2024-11-03T14:04:00.000Z,124 min,svc-functions,comp-funcScaler,,TSG-265,Functions-ScaleOutFailed,"~90,938 customers — Event queue backlog growing — SLA breach in 15min",Event queue backlog growing — SLA breach in 15min. Root component: comp-funcScaler. Resolved using TSG-265.,team-apps,INC-1512,North EU
INC-1866,Key Vault — Secret Rotation Failure — Southeast Asia,Sev2,Resolved,2024-11-03T12:00:00.000Z,2024-11-03T13:17:00.000Z,77 min,svc-keyvault,comp-kvRP,,TSG-255,SecretRotationFailed,"~10,626 customers — Automated secret rotation stalled — expiry risk",Automated secret rotation stalled — expiry risk. Root component: comp-kvRP. Resolved using TSG-255.,team-sec,INC-1400|INC-1617,Japan East
INC-2420,Azure DevOps — Git Push Timeout — West US 2,Sev2,Resolved,2024-11-03T12:00:00.000Z,2024-11-03T13:26:00.000Z,86 min,svc-ado|svc-acr,comp-adoGit,CR-9774,,GitPackTimeout,"~17,991 customers — Large repo pushes timing out — developers blocked",Large repo pushes timing out — developers blocked. Root component: comp-adoGit. Triggered by CR-9774.,team-ado,INC-1181|INC-2270,North EU
INC-1586,Azure DevOps — Pipeline Execution Failures — East US,Sev3,Active,2024-11-02T11:00:00.000Z,,,svc-ado|svc-sql,comp-adoPipeline,CR-9867,TSG-234,PipelineAgentUnreachable,"~3,967 customers — CI/CD pipelines queued — no available agents",CI/CD pipelines queued — no available agents. Root component: comp-adoPipeline. Triggered by CR-9867. Resolved using TSG-234.,team-ado,INC-1065,UK South
INC-1421,App Service — Autoscale Not Triggering — West US 2,Sev3,Active,2024-10-31T11:00:00.000Z,,,svc-appSvc,comp-appPlan,,,AutoscaleDecisionDelay,~536 customers — Traffic spike absorbing all instances — high error rate,Traffic spike absorbing all instances — high error rate. Root component: comp-appPlan.,team-apps,INC-1201,East US 2
INC-1536,Logic Apps — Connector Timeout on Large Payload — East US 2,Sev3,Resolved,2024-10-31T11:00:00.000Z,2024-10-31T11:52:00.000Z,52 min,svc-logicapps|svc-storage,comp-logicEngine,CR-9774,,LogicApps-PayloadOverflow,"~4,278 customers — File processing workflows failing on payloads > 100MB",File processing workflows failing on payloads > 100MB. Root component: comp-logicEngine. Triggered by CR-9774.,team-apps,INC-1017,East US
INC-1411,Azure Storage Latency Spike — North EU,Sev4,Resolved,2024-10-30T11:00:00.000Z,2024-10-30T11:28:00.000Z,28 min,svc-storage|svc-functions,comp-storageRP,,TSG-208,StorageRequestFailed-503,~74 customers — Elevated blob read latency P99 > 4s,Elevated blob read latency P99 > 4s. Root component: comp-storageRP. Resolved using TSG-208.,team-storage,INC-1138,West US 2
INC-2339,AAD — Conditional Access Policy Loop — UK South,Sev0,Mitigating,2024-10-30T11:00:00.000Z,,,svc-aad|svc-appSvc,comp-aadSTS,CR-9918,,AADSTS53003,"~302,762 customers — MFA loop for enterprise tenants — users locked out",MFA loop for enterprise tenants — users locked out. Root component: comp-aadSTS. Triggered by CR-9918.,team-aad,INC-1897|INC-1279,Southeast Asia
INC-2678,Key Vault — Access Policy Propagation Delay — Japan East,Sev4,Resolved,2024-10-30T11:00:00.000Z,2024-10-30T11:23:00.000Z,23 min,svc-keyvault|svc-storage|svc-appSvc,comp-kvRP,CR-9765,TSG-255,Forbidden-403,~406 customers — New app identities unable to access secrets after RBAC grant,New app identities unable to access secrets after RBAC grant. Root component: comp-kvRP. Triggered by CR-9765. Resolved using TSG-255.,team-sec,INC-1013|INC-1449,UK South
INC-3532,ADO — Artifact Feed Unavailable — North EU,Sev2,Resolved,2024-10-30T11:00:00.000Z,2024-10-30T12:18:00.000Z,78 min,svc-ado,comp-adoPipeline,CR-9909,TSG-234,NuGet-503,"~3,984 customers — Package restore failures blocking all builds",Package restore failures blocking all builds. Root component: comp-adoPipeline. Triggered by CR-9909. Resolved using TSG-234.,team-ado,INC-3377,West US 2
INC-1526,Service Bus — Session Lock Expiry Storm — Japan East,Sev2,Resolved,2024-10-29T11:00:00.000Z,2024-10-29T11:34:00.000Z,34 min,svc-svcbus|svc-logicapps,comp-svcbusBroker,CR-9831,TSG-258,ServiceBus-SessionLockLost,"~20,412 customers — Competing consumers stealing sessions — duplicate processing risk",Competing consumers stealing sessions — duplicate processing risk. Root component: comp-svcbusBroker. Triggered by CR-9831. Resolved using TSG-258.,team-msg,INC-1144,West US 2
INC-1381,Azure DevOps — Git Push Timeout — North EU,Sev3,Resolved,2024-10-28T11:00:00.000Z,2024-10-28T11:44:00.000Z,44 min,svc-ado|svc-sql,comp-adoGit,CR-9927,TSG-234,GitPackTimeout,"~1,803 customers — Large repo pushes timing out — developers blocked",Large repo pushes timing out — developers blocked. Root component: comp-adoGit. Triggered by CR-9927. Resolved using TSG-234.,team-ado,INC-1363,East US
INC-3742,AKS — Upgrade Version Skew Crash — Southeast Asia,Sev0,Resolved,2024-10-28T11:00:00.000Z,2024-10-28T15:06:00.000Z,246 min,svc-aks|svc-keyvault|svc-aad,comp-aksCP,CR-9867,TSG-301,AKS-VersionSkewError,"~401,914 customers — Mixed node versions causing scheduler failures",Mixed node versions causing scheduler failures. Root component: comp-aksCP. Triggered by CR-9867. Resolved using TSG-301.,team-containers,INC-3617|INC-1363|INC-2571,North EU
INC-3300,CDN — Cache Purge Propagation Delay — West US 2,Sev2,Mitigating,2024-10-27T11:00:00.000Z,,,svc-cdn|svc-storage,comp-cdnPOP,,TSG-288,CDN-PurgeTimeout,"~9,897 customers — Stale content served after deployment — 5% of users seeing old UI",Stale content served after deployment — 5% of users seeing old UI. Root component: comp-cdnPOP. Resolved using TSG-288.,team-net,INC-1494,West US 2
INC-1804,AKS — Upgrade Version Skew Crash — East US 2,Sev3,Mitigating,2024-10-26T11:00:00.000Z,,,svc-aks|svc-lb,comp-aksCP,CR-9870,TSG-301,AKS-VersionSkewError,"~1,992 customers — Mixed node versions causing scheduler failures",Mixed node versions causing scheduler failures. Root component: comp-aksCP. Triggered by CR-9870. Resolved using TSG-301.,team-containers,INC-1573|INC-1052,East US 2
INC-1995,AAD — SAML Token Signing Failure — Japan East,Sev1,Resolved,2024-10-26T11:00:00.000Z,2024-10-26T12:39:00.000Z,99 min,svc-aad,comp-aadSTS,,TSG-382,AADSTS700012,"~85,432 customers — SAML-based SSO broken for federated tenants",SAML-based SSO broken for federated tenants. Root component: comp-aadSTS. Resolved using TSG-382.,team-aad,INC-1194,Southeast Asia
INC-2807,Cosmos DB — Replication Lag > 5s — West US 2,Sev2,Resolved,2024-10-26T11:00:00.000Z,2024-10-26T11:44:00.000Z,44 min,svc-cosmos|svc-aad,comp-cosmosRU,CR-9912,,CosmosDB-ConsistencyViolation,"~17,006 customers — Multi-region reads returning stale data — financial integrity risk",Multi-region reads returning stale data — financial integrity risk. Root component: comp-cosmosRU. Triggered by CR-9912.,team-cosmos,INC-1684,Australia East
INC-3536,Cosmos DB — Index Policy Rebuild Timeout — West US 2,Sev4,Resolved,2024-10-26T11:00:00.000Z,2024-10-26T11:14:00.000Z,14 min,svc-cosmos|svc-appSvc,comp-cosmosRU,CR-9801,TSG-309,CosmosDB-IndexBuildTimeout,~322 customers — Queries returning full scans — 100× latency increase,Queries returning full scans — 100× latency increase. Root component: comp-cosmosRU. Triggered by CR-9801. Resolved using TSG-309.,team-cosmos,INC-1003|INC-1897,UK South
INC-2898,Functions — Cold Start Spike > 30s — UK South,Sev2,Active,2024-10-25T11:00:00.000Z,,,svc-functions|svc-aad,comp-funcHost,,TSG-265,Functions-ColdStartTimeout,"~23,063 customers — First invocations timing out — event-driven workflows stalling",First invocations timing out — event-driven workflows stalling. Root component: comp-funcHost. Resolved using TSG-265.,team-apps,INC-1750|INC-1811|INC-2178,UK South
INC-1347,App Service — Autoscale Not Triggering — Southeast Asia,Sev2,Resolved,2024-10-24T11:00:00.000Z,2024-10-24T12:26:00.000Z,86 min,svc-appSvc,comp-appPlan,,TSG-271,AutoscaleDecisionDelay,"~4,218 customers — Traffic spike absorbing all instances — high error rate",Traffic spike absorbing all instances — high error rate. Root component: comp-appPlan. Resolved using TSG-271.,team-apps,,Australia East
INC-2978,Service Bus — Namespace Throttling — West US 2,Sev0,Resolved,2024-10-23T11:00:00.000Z,2024-10-23T14:59:00.000Z,239 min,svc-svcbus|svc-monitor,comp-svcbusBroker,,TSG-258,ServiceBus-ThrottlingError,"~164,871 customers — Message send rate capped — order processing queued",Message send rate capped — order processing queued. Root component: comp-svcbusBroker. Resolved using TSG-258.,team-msg,,Japan East
INC-3005,ACR — Geo-Replication Sync Lag > 10min — North EU,Sev3,Resolved,2024-10-23T11:00:00.000Z,2024-10-23T11:57:00.000Z,57 min,svc-acr,comp-acrGeo,CR-9900,,ACR-GeoSyncTimeout,"~2,360 customers — Cross-region image availability degraded — DR runbooks at risk",Cross-region image availability degraded — DR runbooks at risk. Root component: comp-acrGeo. Triggered by CR-9900.,team-containers,INC-2990|INC-1363|INC-1295,Japan East
INC-1059,Key Vault — Certificate Auto-Renewal Stuck — East US 2,Sev2,Resolved,2024-10-21T11:00:00.000Z,2024-10-21T11:47:00.000Z,47 min,svc-keyvault|svc-appSvc|svc-aad,comp-kvHSM,,TSG-255,CertRenewalFailed,"~5,469 customers — SSL certificates nearing expiry — manual intervention needed",SSL certificates nearing expiry — manual intervention needed. Root component: comp-kvHSM. Resolved using TSG-255.,team-sec,INC-3488,Southeast Asia
INC-3377,Azure AD — Auth Token Issuance Failures — Southeast Asia,Sev2,Resolved,2024-10-20T11:00:00.000Z,2024-10-20T11:20:00.000Z,20 min,svc-aad,comp-aadSTS,CR-9774,,AADSTS700016,"~11,826 customers — SSO failures across M365 and Azure Portal",SSO failures across M365 and Azure Portal. Root component: comp-aadSTS. Triggered by CR-9774.,team-aad,INC-2440,Australia East
INC-1321,LB — Backend Pool Drain During Deployment — Southeast Asia,Sev3,Active,2024-10-19T11:00:00.000Z,,,svc-lb|svc-appSvc|svc-aks,comp-lbBackend,,,LB-BackendDrainTimeout,"~1,714 customers — Zero-downtime deployment stalled — old pods receiving traffic",Zero-downtime deployment stalled — old pods receiving traffic. Root component: comp-lbBackend.,team-net,,UK South
INC-2005,Logic Apps — Connector Timeout on Large Payload — Japan East,Sev2,Resolved,2024-10-19T11:00:00.000Z,2024-10-19T11:54:00.000Z,54 min,svc-logicapps|svc-svcbus,comp-logicEngine,CR-9777,TSG-214,LogicApps-PayloadOverflow,"~29,857 customers — File processing workflows failing on payloads > 100MB",File processing workflows failing on payloads > 100MB. Root component: comp-logicEngine. Triggered by CR-9777. Resolved using TSG-214.,team-apps,,East US 2
INC-1795,ACR — Push Rate Limit Exceeded — UK South,Sev2,Resolved,2024-10-18T11:00:00.000Z,2024-10-18T12:18:00.000Z,78 min,svc-acr|svc-ado,comp-acrRegistry,CR-9819,TSG-241,ACR-RateLimitExceeded,"~3,943 customers — CI pipeline image pushes rejected — build artifacts lost",CI pipeline image pushes rejected — build artifacts lost. Root component: comp-acrRegistry. Triggered by CR-9819. Resolved using TSG-241.,team-containers,INC-1207|INC-1701|INC-1201,Southeast Asia
INC-2314,Monitor — Log Analytics Ingestion Lag — West US 2,Sev4,Resolved,2024-10-18T11:00:00.000Z,2024-10-18T11:22:00.000Z,22 min,svc-monitor|svc-svcbus,comp-logAnalytics,CR-9771,,IngestionLag,~399 customers — Dashboards showing stale data — oncall missing signals,Dashboards showing stale data — oncall missing signals. Root component: comp-logAnalytics. Triggered by CR-9771.,team-obs,INC-2090|INC-1170|INC-1604,West US 2
INC-2702,Monitor — Log Analytics Ingestion Lag — West US 2,Sev2,Resolved,2024-10-18T11:00:00.000Z,2024-10-18T12:22:00.000Z,82 min,svc-monitor|svc-evhub|svc-storage,comp-logAnalytics,,,IngestionLag,"~23,608 customers — Dashboards showing stale data — oncall missing signals",Dashboards showing stale data — oncall missing signals. Root component: comp-logAnalytics.,team-obs,INC-1456,West US 2
INC-3691,ACR — Image Pull Failures East US — Southeast Asia,Sev4,Resolved,2024-10-18T11:00:00.000Z,2024-10-18T11:23:00.000Z,23 min,svc-acr|svc-aks,comp-acrRegistry,,TSG-241,ACR-ManifestNotFound,~183 customers — AKS pods failing to pull images — deployment rollouts blocked,AKS pods failing to pull images — deployment rollouts blocked. Root component: comp-acrRegistry. Resolved using TSG-241.,team-containers,,UK South
INC-1463,SQL Gateway — Memory Pressure OOM — East US,Sev4,Resolved,2024-10-17T11:00:00.000Z,2024-10-17T11:26:00.000Z,26 min,svc-sql|svc-appSvc,comp-sqlGW,CR-9795,TSG-319,SQLGateway-OOM,~244 customers — Gateway process crash — connection reset on all clients,Gateway process crash — connection reset on all clients. Root component: comp-sqlGW. Triggered by CR-9795. Resolved using TSG-319.,team-sql,INC-1073|INC-1013|INC-1347,Japan East
INC-1377,APIM Gateway — Backend Circuit Breaker Open — UK South,Sev2,Resolved,2024-10-16T11:00:00.000Z,2024-10-16T11:32:00.000Z,32 min,svc-apim,comp-apimGW,CR-9891,TSG-248,APIM-BackendUnhealthy,"~28,066 customers — All API traffic failing with 503 — 100% error rate",All API traffic failing with 503 — 100% error rate. Root component: comp-apimGW. Triggered by CR-9891. Resolved using TSG-248.,team-net,INC-1013|INC-1156,West US 2
INC-1947,Event Hub — Partition Rebalancing Storm — Japan East,Sev4,Mitigating,2024-10-16T11:00:00.000Z,,,svc-evhub|svc-keyvault|svc-monitor,comp-evhubNS,CR-9930,TSG-288,PartitionRebalanceTimeout,~309 customers — Consumer disconnections during namespace scale-up,Consumer disconnections during namespace scale-up. Root component: comp-evhubNS. Triggered by CR-9930. Resolved using TSG-288.,team-msg,INC-1479,UK South
INC-2774,Azure App Service — Worker Process Crashes — Australia East,Sev4,Active,2024-10-16T11:00:00.000Z,,,svc-appSvc,comp-appPlan,CR-9783,TSG-271,WorkerProcess-5xx,~280 customers — Web apps returning 5xx — worker recycling loop,Web apps returning 5xx — worker recycling loop. Root component: comp-appPlan. Triggered by CR-9783. Resolved using TSG-271.,team-apps,INC-1381|INC-2270,East US 2
INC-2447,Azure SQL — Replication Lag > 30s — East US 2,Sev3,Resolved,2024-10-15T11:00:00.000Z,2024-10-15T11:57:00.000Z,57 min,svc-sql|svc-appSvc,comp-sqlEngine,CR-9798,TSG-319,SQLReplicationLag,"~2,391 customers — Read replicas serving stale data — reporting discrepancies",Read replicas serving stale data — reporting discrepancies. Root component: comp-sqlEngine. Triggered by CR-9798. Resolved using TSG-319.,team-sql,,East US 2
INC-2815,MS Graph API — Throttling Cascade — Southeast Asia,Sev3,Resolved,2024-10-15T11:00:00.000Z,2024-10-15T11:10:00.000Z,10 min,svc-aad|svc-appSvc,comp-aadGraph,CR-9840,,429 TooManyRequests,"~1,316 customers — Graph API calls throttled — downstream apps failing",Graph API calls throttled — downstream apps failing. Root component: comp-aadGraph. Triggered by CR-9840.,team-aad,,UK South
INC-1479,Service Bus — Namespace Throttling — UK South,Sev2,Resolved,2024-10-14T11:00:00.000Z,2024-10-14T12:14:00.000Z,74 min,svc-svcbus|svc-keyvault,comp-svcbusBroker,CR-9846,,ServiceBus-ThrottlingError,"~1,851 customers — Message send rate capped — order processing queued",Message send rate capped — order processing queued. Root component: comp-svcbusBroker. Triggered by CR-9846.,team-msg,,Australia East
INC-1636,ACR — Geo-Replication Sync Lag > 10min — East US,Sev1,Resolved,2024-10-14T11:00:00.000Z,2024-10-14T13:07:00.000Z,127 min,svc-acr,comp-acrGeo,,TSG-241,ACR-GeoSyncTimeout,"~99,771 customers — Cross-region image availability degraded — DR runbooks at risk",Cross-region image availability degraded — DR runbooks at risk. Root component: comp-acrGeo. Resolved using TSG-241.,team-containers,,UK South
INC-2833,AKS — Control Plane API Server Unavailable — East US 2,Sev3,Resolved,2024-10-12T11:00:00.000Z,2024-10-12T11:52:00.000Z,52 min,svc-aks,comp-aksCP,CR-9846,TSG-301,AKS-APIServerTimeout,"~4,539 customers — kubectl commands timing out — deployments and rollbacks frozen",kubectl commands timing out — deployments and rollbacks frozen. Root component: comp-aksCP. Triggered by CR-9846. Resolved using TSG-301.,team-containers,INC-2565|INC-1662|INC-1512,Australia East
INC-1547,App Service — Autoscale Not Triggering — Australia East,Sev3,Resolved,2024-10-11T11:00:00.000Z,2024-10-11T11:49:00.000Z,49 min,svc-appSvc|svc-storage|svc-cosmos,comp-appPlan,,TSG-271,AutoscaleDecisionDelay,~372 customers — Traffic spike absorbing all instances — high error rate,Traffic spike absorbing all instances — high error rate. Root component: comp-appPlan. Resolved using TSG-271.,team-apps,INC-1400|INC-3012|INC-1188,UK South
INC-1653,Azure DevOps — Test Runner Memory Leak — East US 2,Sev2,Active,2024-10-11T11:00:00.000Z,,,svc-ado|svc-storage|svc-acr,comp-adoPipeline,CR-9828,TSG-234,TestAgent-OOM,"~27,626 customers — Test pipeline agents crashing mid-run — flaky test signals",Test pipeline agents crashing mid-run — flaky test signals. Root component: comp-adoPipeline. Triggered by CR-9828. Resolved using TSG-234.,team-ado,INC-1153|INC-1170,Southeast Asia
INC-2184,Azure SQL — TLS Handshake Timeout Cascade — Japan East,Sev2,Resolved,2024-10-11T11:00:00.000Z,2024-10-11T12:10:00.000Z,70 min,svc-sql,comp-sqlGW,,TSG-319,SSL_ERROR_HANDSHAKE_FAILURE,"~1,126 customers — CI/CD pipeline SQL checks failing — connection pool exhaustion",CI/CD pipeline SQL checks failing — connection pool exhaustion. Root component: comp-sqlGW. Resolved using TSG-319.,team-sql,,East US
INC-2392,AAD STS — Certificate Chain Mismatch — UK South,Sev3,Resolved,2024-10-11T11:00:00.000Z,2024-10-11T11:11:00.000Z,11 min,svc-aad|svc-aks|svc-redis,comp-aadSTS,,TSG-195,AADSTS700027,"~2,534 customers — Token signing validation failures — 23% of auth requests rejected",Token signing validation failures — 23% of auth requests rejected. Root component: comp-aadSTS. Resolved using TSG-195.,team-aad,INC-1961|INC-1614,West US 2
INC-1167,Azure Event Hub — Throughput Degradation — East US 2,Sev3,Resolved,2024-10-10T11:00:00.000Z,2024-10-10T11:38:00.000Z,38 min,svc-evhub|svc-monitor,comp-evhubNS,CR-9786,TSG-288,EventHubThrottlingException,"~2,260 customers — Consumer group lag accumulating — message delivery delay >90s",Consumer group lag accumulating — message delivery delay >90s. Root component: comp-evhubNS. Triggered by CR-9786. Resolved using TSG-288.,team-msg,INC-2901|INC-1116,West US 2
INC-3325,Azure LB — SNAT Port Exhaustion — Australia East,Sev4,Resolved,2024-10-08T11:00:00.000Z,2024-10-08T11:16:00.000Z,16 min,svc-lb|svc-apim,comp-lbFrontend,CR-9858,,LB-SNATPortExhausted,~476 customers — Outbound connections failing — AKS pods unable to reach internet,Outbound connections failing — AKS pods unable to reach internet. Root component: comp-lbFrontend. Triggered by CR-9858.,team-net,INC-2971,West US 2
INC-1832,ACR — Push Rate Limit Exceeded — North EU,Sev4,Resolved,2024-10-07T11:00:00.000Z,2024-10-07T11:16:00.000Z,16 min,svc-acr|svc-aks,comp-acrRegistry,,TSG-241,ACR-RateLimitExceeded,~317 customers — CI pipeline image pushes rejected — build artifacts lost,CI pipeline image pushes rejected — build artifacts lost. Root component: comp-acrRegistry. Resolved using TSG-241.,team-containers,INC-1575|INC-1327|INC-1188,UK South
INC-2627,AKS — Upgrade Version Skew Crash — Southeast Asia,Sev3,Resolved,2024-10-07T11:00:00.000Z,2024-10-07T11:50:00.000Z,50 min,svc-aks|svc-lb,comp-aksCP,CR-9906,TSG-301,AKS-VersionSkewError,"~2,375 customers — Mixed node versions causing scheduler failures",Mixed node versions causing scheduler failures. Root component: comp-aksCP. Triggered by CR-9906. Resolved using TSG-301.,team-containers,INC-1065,East US 2
INC-1037,Azure AD — Auth Token Issuance Failures — Southeast Asia,Sev4,Resolved,2024-10-05T11:00:00.000Z,2024-10-05T11:26:00.000Z,26 min,svc-aad|svc-keyvault,comp-aadSTS,CR-9921,TSG-382,AADSTS700016,~10 customers — SSO failures across M365 and Azure Portal,SSO failures across M365 and Azure Portal. Root component: comp-aadSTS. Triggered by CR-9921. Resolved using TSG-382.,team-aad,INC-3012,East US
INC-1108,Logic Apps — Trigger Recurrence Drift — West US 2,Sev2,Resolved,2024-10-05T11:00:00.000Z,2024-10-05T11:20:00.000Z,20 min,svc-logicapps|svc-svcbus,comp-logicEngine,,,LogicApps-RecurrenceDrift,"~2,825 customers — Scheduled workflows running late by up to 45min",Scheduled workflows running late by up to 45min. Root component: comp-logicEngine.,team-apps,,Japan East
INC-3491,Functions — Scale-Out Failure on Burst — East US 2,Sev2,Active,2024-10-05T11:00:00.000Z,,,svc-functions,comp-funcScaler,,,Functions-ScaleOutFailed,"~29,771 customers — Event queue backlog growing — SLA breach in 15min",Event queue backlog growing — SLA breach in 15min. Root component: comp-funcScaler.,team-apps,INC-2602|INC-1295,Southeast Asia
INC-2742,Monitor — Log Analytics Ingestion Lag — West US 2,Sev3,Active,2024-10-04T11:00:00.000Z,,,svc-monitor,comp-logAnalytics,CR-9882,,IngestionLag,"~1,140 customers — Dashboards showing stale data — oncall missing signals",Dashboards showing stale data — oncall missing signals. Root component: comp-logAnalytics. Triggered by CR-9882.,team-obs,,Southeast Asia
INC-3094,Azure Monitor — Alert Processing Delay > 10min — UK South,Sev1,Active,2024-10-04T11:00:00.000Z,,,svc-monitor|svc-aks,comp-monAlert,,TSG-221,AlertEvalBacklog,"~86,745 customers — Critical alerts firing 10-45min late — SLO at risk",Critical alerts firing 10-45min late — SLO at risk. Root component: comp-monAlert. Resolved using TSG-221.,team-obs,INC-1393|INC-2032,UK South
INC-1295,Redis Gateway — Connection Pool Exhaustion — UK South,Sev0,Resolved,2024-10-03T11:00:00.000Z,2024-10-03T14:05:00.000Z,185 min,svc-redis,comp-redisGW,,TSG-279,Redis-ConnPool-Exhausted,"~385,321 customers — App connections queued — latency spike P99 > 2s",App connections queued — latency spike P99 > 2s. Root component: comp-redisGW. Resolved using TSG-279.,team-cache,INC-1037|INC-1257,East US
INC-1520,Functions — Cold Start Spike > 30s — North EU,Sev3,Resolved,2024-10-03T11:00:00.000Z,2024-10-03T11:53:00.000Z,53 min,svc-functions|svc-evhub,comp-funcHost,CR-9771,,Functions-ColdStartTimeout,~308 customers — First invocations timing out — event-driven workflows stalling,First invocations timing out — event-driven workflows stalling. Root component: comp-funcHost. Triggered by CR-9771.,team-apps,INC-1347|INC-1059|INC-1213,East US 2
INC-2206,CDN — Origin Shield SSL Negotiation Failure — West US 2,Sev2,Mitigating,2024-10-03T11:00:00.000Z,,,svc-cdn|svc-storage,comp-cdnOrigin,CR-9798,TSG-208,CDN-OriginSSLError,"~20,102 customers — CDN unable to fetch from origin — all requests returning 502",CDN unable to fetch from origin — all requests returning 502. Root component: comp-cdnOrigin. Triggered by CR-9798. Resolved using TSG-208.,team-net,INC-1542|INC-1923|INC-1327,Southeast Asia
INC-2221,Storage RP — Throttling on PUT Operations — Australia East,Sev2,Resolved,2024-10-03T11:00:00.000Z,2024-10-03T11:33:00.000Z,33 min,svc-storage|svc-monitor,comp-storageRP,,TSG-208,ThrottlingError-429,"~12,498 customers — Batch upload jobs failing with throttle errors",Batch upload jobs failing with throttle errors. Root component: comp-storageRP. Resolved using TSG-208.,team-storage,,UK South
INC-3033,Event Hub — Partition Rebalancing Storm — Japan East,Sev4,Resolved,2024-10-03T11:00:00.000Z,2024-10-03T11:15:00.000Z,15 min,svc-evhub|svc-keyvault|svc-functions,comp-evhubNS,,,PartitionRebalanceTimeout,~333 customers — Consumer disconnections during namespace scale-up,Consumer disconnections during namespace scale-up. Root component: comp-evhubNS.,team-msg,INC-1954|INC-2196|INC-1207,Japan East
INC-3112,Azure SQL — Replication Lag > 30s — North EU,Sev3,Resolved,2024-10-03T11:00:00.000Z,2024-10-03T11:41:00.000Z,41 min,svc-sql|svc-appSvc,comp-sqlEngine,,TSG-319,SQLReplicationLag,"~2,838 customers — Read replicas serving stale data — reporting discrepancies",Read replicas serving stale data — reporting discrepancies. Root component: comp-sqlEngine. Resolved using TSG-319.,team-sql,INC-1144|INC-2654,East US
INC-1709,Azure SQL — Replication Lag > 30s — Japan East,Sev2,Resolved,2024-10-02T11:00:00.000Z,2024-10-02T11:55:00.000Z,55 min,svc-sql,comp-sqlEngine,,TSG-319,SQLReplicationLag,"~27,419 customers — Read replicas serving stale data — reporting discrepancies",Read replicas serving stale data — reporting discrepancies. Root component: comp-sqlEngine. Resolved using TSG-319.,team-sql,INC-1438,East US 2
INC-2278,Monitor — Log Analytics Ingestion Lag — North EU,Sev2,Resolved,2024-10-02T11:00:00.000Z,2024-10-02T11:45:00.000Z,45 min,svc-monitor,comp-logAnalytics,CR-9774,TSG-221,IngestionLag,"~22,952 customers — Dashboards showing stale data — oncall missing signals",Dashboards showing stale data — oncall missing signals. Root component: comp-logAnalytics. Triggered by CR-9774. Resolved using TSG-221.,team-obs,,North EU
INC-3676,APIM Gateway — Backend Circuit Breaker Open — Japan East,Sev4,Resolved,2024-10-01T11:00:00.000Z,2024-10-01T11:24:00.000Z,24 min,svc-apim|svc-aad|svc-redis,comp-apimGW,CR-9795,TSG-248,APIM-BackendUnhealthy,~407 customers — All API traffic failing with 503 — 100% error rate,All API traffic failing with 503 — 100% error rate. Root component: comp-apimGW. Triggered by CR-9795. Resolved using TSG-248.,team-net,INC-3368|INC-2110|INC-1003,East US 2
INC-2173,Azure Files — SMB Mount Failures — North EU,Sev4,Resolved,2024-09-29T11:00:00.000Z,2024-09-29T11:09:00.000Z,9 min,svc-storage|svc-ado|svc-cdn,comp-storageFE,,TSG-441,SMBMountFailed-53,~296 customers — Azure Files shares unmountable from VMs,Azure Files shares unmountable from VMs. Root component: comp-storageFE. Resolved using TSG-441.,team-storage,INC-1954,East US
INC-3196,CDN — Cache Purge Propagation Delay — Japan East,Sev4,Resolved,2024-09-29T11:00:00.000Z,2024-09-29T11:05:00.000Z,5 min,svc-cdn|svc-storage,comp-cdnPOP,CR-9852,,CDN-PurgeTimeout,~149 customers — Stale content served after deployment — 5% of users seeing old UI,Stale content served after deployment — 5% of users seeing old UI. Root component: comp-cdnPOP. Triggered by CR-9852.,team-net,INC-2702,Japan East
INC-3237,Storage Frontend — Nginx Worker OOM — Japan East,Sev1,Mitigating,2024-09-29T11:00:00.000Z,,,svc-storage|svc-keyvault|svc-logicapps,comp-storageFE,CR-9867,,OOMKiller-nginx,"~18,110 customers — Storage frontend crashes — intermittent 502s",Storage frontend crashes — intermittent 502s. Root component: comp-storageFE. Triggered by CR-9867.,team-storage,,Australia East
INC-3704,Key Vault — Secret Rotation Failure — East US 2,Sev2,Resolved,2024-09-29T11:00:00.000Z,2024-09-29T12:17:00.000Z,77 min,svc-keyvault|svc-appSvc,comp-kvRP,,TSG-255,SecretRotationFailed,"~10,609 customers — Automated secret rotation stalled — expiry risk",Automated secret rotation stalled — expiry risk. Root component: comp-kvRP. Resolved using TSG-255.,team-sec,INC-1037|INC-3691,Australia East
INC-1596,ADO — Work Item Query Service Degradation — Australia East,Sev2,Resolved,2024-09-28T11:00:00.000Z,2024-09-28T12:29:00.000Z,89 min,svc-ado|svc-sql,comp-adoGit,,TSG-234,WIQLTimeout,"~20,600 customers — Work item boards loading slowly — PM productivity impacted",Work item boards loading slowly — PM productivity impacted. Root component: comp-adoGit. Resolved using TSG-234.,team-ado,INC-1099|INC-1347|INC-1285,North EU
INC-2724,App Service — Autoscale Not Triggering — UK South,Sev3,Resolved,2024-09-28T11:00:00.000Z,2024-09-28T11:34:00.000Z,34 min,svc-appSvc|svc-cosmos,comp-appPlan,,TSG-271,AutoscaleDecisionDelay,~815 customers — Traffic spike absorbing all instances — high error rate,Traffic spike absorbing all instances — high error rate. Root component: comp-appPlan. Resolved using TSG-271.,team-apps,,Australia East
INC-1244,CDN — Cache Purge Propagation Delay — West US 2,Sev1,Resolved,2024-09-27T11:00:00.000Z,2024-09-27T12:07:00.000Z,67 min,svc-cdn|svc-storage,comp-cdnPOP,,TSG-208,CDN-PurgeTimeout,"~88,640 customers — Stale content served after deployment — 5% of users seeing old UI",Stale content served after deployment — 5% of users seeing old UI. Root component: comp-cdnPOP. Resolved using TSG-208.,team-net,,Southeast Asia
INC-2527,ACR — Push Rate Limit Exceeded — West US 2,Sev3,Resolved,2024-09-27T11:00:00.000Z,2024-09-27T11:24:00.000Z,24 min,svc-acr|svc-ado,comp-acrRegistry,,,ACR-RateLimitExceeded,"~4,311 customers — CI pipeline image pushes rejected — build artifacts lost",CI pipeline image pushes rejected — build artifacts lost. Root component: comp-acrRegistry.,team-containers,INC-1542|INC-2410|INC-2297,West US 2
INC-3561,Key Vault — Access Policy Propagation Delay — Japan East,Sev3,Resolved,2024-09-27T11:00:00.000Z,2024-09-27T11:50:00.000Z,50 min,svc-keyvault,comp-kvRP,,,Forbidden-403,"~3,531 customers — New app identities unable to access secrets after RBAC grant",New app identities unable to access secrets after RBAC grant. Root component: comp-kvRP.,team-sec,INC-2714|INC-1251,North EU
INC-1156,Azure LB — SNAT Port Exhaustion — West US 2,Sev2,Resolved,2024-09-26T11:00:00.000Z,2024-09-26T12:28:00.000Z,88 min,svc-lb|svc-aks,comp-lbFrontend,CR-9810,TSG-227,LB-SNATPortExhausted,"~28,550 customers — Outbound connections failing — AKS pods unable to reach internet",Outbound connections failing — AKS pods unable to reach internet. Root component: comp-lbFrontend. Triggered by CR-9810. Resolved using TSG-227.,team-net,,Australia East
INC-2551,ACR — Push Rate Limit Exceeded — Japan East,Sev2,Resolved,2024-09-26T11:00:00.000Z,2024-09-26T11:45:00.000Z,45 min,svc-acr,comp-acrRegistry,,,ACR-RateLimitExceeded,"~1,708 customers — CI pipeline image pushes rejected — build artifacts lost",CI pipeline image pushes rejected — build artifacts lost. Root component: comp-acrRegistry.,team-containers,INC-2375|INC-1347|INC-1746,Southeast Asia
INC-1738,Cosmos DB — RU Throttling on Hot Partition — West US 2,Sev3,Resolved,2024-09-25T11:00:00.000Z,2024-09-25T11:38:00.000Z,38 min,svc-cosmos|svc-appSvc,comp-cosmosRU,CR-9876,,CosmosDB-429-TooManyRequests,"~3,475 customers — Document writes throttled — application backpressure accumulating",Document writes throttled — application backpressure accumulating. Root component: comp-cosmosRU. Triggered by CR-9876.,team-cosmos,,Southeast Asia
INC-2618,Azure Monitor — Alert Processing Delay > 10min — Australia East,Sev0,Resolved,2024-09-25T11:00:00.000Z,2024-09-25T15:26:00.000Z,266 min,svc-monitor,comp-monAlert,CR-9870,TSG-221,AlertEvalBacklog,"~254,525 customers — Critical alerts firing 10-45min late — SLO at risk",Critical alerts firing 10-45min late — SLO at risk. Root component: comp-monAlert. Triggered by CR-9870. Resolved using TSG-221.,team-obs,INC-1386|INC-1971,North EU
INC-2507,Azure SQL — TLS Handshake Timeout Cascade — Japan East,Sev0,Active,2024-09-24T11:00:00.000Z,,,svc-sql|svc-ado|svc-keyvault,comp-sqlGW,CR-9870,TSG-319,SSL_ERROR_HANDSHAKE_FAILURE,"~492,276 customers — CI/CD pipeline SQL checks failing — connection pool exhaustion",CI/CD pipeline SQL checks failing — connection pool exhaustion. Root component: comp-sqlGW. Triggered by CR-9870. Resolved using TSG-319.,team-sql,INC-1671|INC-1156|INC-1526,East US
INC-2581,Service Bus — Namespace Throttling — East US,Sev2,Resolved,2024-09-24T11:00:00.000Z,2024-09-24T11:41:00.000Z,41 min,svc-svcbus|svc-monitor,comp-svcbusBroker,CR-9909,TSG-258,ServiceBus-ThrottlingError,"~7,402 customers — Message send rate capped — order processing queued",Message send rate capped — order processing queued. Root component: comp-svcbusBroker. Triggered by CR-9909. Resolved using TSG-258.,team-msg,INC-2293,UK South
INC-1306,Azure Event Hub — Throughput Degradation — East US,Sev3,Resolved,2024-09-23T11:00:00.000Z,2024-09-23T11:23:00.000Z,23 min,svc-evhub|svc-functions,comp-evhubNS,CR-9795,,EventHubThrottlingException,"~1,269 customers — Consumer group lag accumulating — message delivery delay >90s",Consumer group lag accumulating — message delivery delay >90s. Root component: comp-evhubNS. Triggered by CR-9795.,team-msg,INC-1244,East US 2
INC-1393,ACR — Geo-Replication Sync Lag > 10min — East US 2,Sev3,Resolved,2024-09-23T11:00:00.000Z,2024-09-23T11:23:00.000Z,23 min,svc-acr,comp-acrGeo,CR-9858,TSG-241,ACR-GeoSyncTimeout,"~2,565 customers — Cross-region image availability degraded — DR runbooks at risk",Cross-region image availability degraded — DR runbooks at risk. Root component: comp-acrGeo. Triggered by CR-9858. Resolved using TSG-241.,team-containers,,Australia East
INC-1891,AKS — Upgrade Version Skew Crash — UK South,Sev3,Resolved,2024-09-23T11:00:00.000Z,2024-09-23T11:35:00.000Z,35 min,svc-aks,comp-aksCP,CR-9873,,AKS-VersionSkewError,"~2,484 customers — Mixed node versions causing scheduler failures",Mixed node versions causing scheduler failures. Root component: comp-aksCP. Triggered by CR-9873.,team-containers,,East US
INC-2854,LB — Backend Pool Drain During Deployment — East US,Sev2,Resolved,2024-09-23T11:00:00.000Z,2024-09-23T11:24:00.000Z,24 min,svc-lb|svc-appSvc|svc-apim,comp-lbBackend,,TSG-227,LB-BackendDrainTimeout,"~3,520 customers — Zero-downtime deployment stalled — old pods receiving traffic",Zero-downtime deployment stalled — old pods receiving traffic. Root component: comp-lbBackend. Resolved using TSG-227.,team-net,INC-1887|INC-1421|INC-1814,East US 2
INC-2877,Redis — Memory Eviction Storm — East US 2,Sev2,Resolved,2024-09-23T11:00:00.000Z,2024-09-23T12:07:00.000Z,67 min,svc-redis|svc-aad|svc-appSvc,comp-redisCluster,,,Redis-OOM-MaxMemory,"~4,790 customers — Hot keys evicted — session data lost for ~5% active users",Hot keys evicted — session data lost for ~5% active users. Root component: comp-redisCluster.,team-cache,INC-1167|INC-2184,Australia East
INC-2586,APIM Developer Portal — Identity Login Broken — East US 2,Sev4,Mitigating,2024-09-22T11:00:00.000Z,,,svc-apim|svc-lb,comp-apimPortal,,TSG-248,APIM-Portal-OIDCFailed,~418 customers — External developers unable to test APIs — partner escalation,External developers unable to test APIs — partner escalation. Root component: comp-apimPortal. Resolved using TSG-248.,team-net,INC-1003|INC-1270|INC-2451,Japan East
INC-3179,LB — Backend Pool Drain During Deployment — East US 2,Sev2,Mitigating,2024-09-22T11:00:00.000Z,,,svc-lb|svc-apim,comp-lbBackend,,TSG-227,LB-BackendDrainTimeout,"~25,806 customers — Zero-downtime deployment stalled — old pods receiving traffic",Zero-downtime deployment stalled — old pods receiving traffic. Root component: comp-lbBackend. Resolved using TSG-227.,team-net,INC-2648,East US
INC-3617,App Service — Deployment Slot Swap Hung — Southeast Asia,Sev4,Mitigating,2024-09-22T11:00:00.000Z,,,svc-appSvc|svc-sql,comp-appGW,,TSG-271,SlotSwapTimeout,~168 customers — Blue/green deployments blocked — rollback not possible,Blue/green deployments blocked — rollback not possible. Root component: comp-appGW. Resolved using TSG-271.,team-apps,INC-2247,West US 2
INC-1674,AKS — Node Pool OOM Eviction Storm — East US 2,Sev1,Resolved,2024-09-21T11:00:00.000Z,2024-09-21T12:39:00.000Z,99 min,svc-aks,comp-aksNodepool,CR-9906,TSG-301,AKS-OOMEviction,"~63,842 customers — Pods evicted across multiple nodes — service disruption",Pods evicted across multiple nodes — service disruption. Root component: comp-aksNodepool. Triggered by CR-9906. Resolved using TSG-301.,team-containers,INC-1013|INC-1059|INC-1306,North EU
INC-2460,AAD STS — Certificate Chain Mismatch — Australia East,Sev3,Resolved,2024-09-21T11:00:00.000Z,2024-09-21T11:37:00.000Z,37 min,svc-aad|svc-ado|svc-cosmos,comp-aadSTS,,,AADSTS700027,~325 customers — Token signing validation failures — 23% of auth requests rejected,Token signing validation failures — 23% of auth requests rejected. Root component: comp-aadSTS.,team-aad,INC-1017,East US 2
INC-2648,LB — Backend Pool Drain During Deployment — Japan East,Sev2,Active,2024-09-21T11:00:00.000Z,,,svc-lb|svc-aks,comp-lbBackend,CR-9912,TSG-227,LB-BackendDrainTimeout,"~14,686 customers — Zero-downtime deployment stalled — old pods receiving traffic",Zero-downtime deployment stalled — old pods receiving traffic. Root component: comp-lbBackend. Triggered by CR-9912. Resolved using TSG-227.,team-net,INC-1292|INC-1732,West US 2
INC-2864,Storage Frontend — Nginx Worker OOM — East US 2,Sev4,Resolved,2024-09-21T11:00:00.000Z,2024-09-21T11:05:00.000Z,5 min,svc-storage|svc-functions|svc-keyvault,comp-storageFE,CR-9882,TSG-208,OOMKiller-nginx,~120 customers — Storage frontend crashes — intermittent 502s,Storage frontend crashes — intermittent 502s. Root component: comp-storageFE. Triggered by CR-9882. Resolved using TSG-208.,team-storage,,East US
INC-1689,App Service — 503 Errors on Downstream SQL — Japan East,Sev0,Resolved,2024-09-20T11:00:00.000Z,2024-09-20T14:33:00.000Z,213 min,svc-appSvc|svc-redis|svc-keyvault,comp-appPlan,CR-9801,TSG-271,UpstreamConnectionFailure,"~249,290 customers — App Service apps returning 503 on DB-bound requests",App Service apps returning 503 on DB-bound requests. Root component: comp-appPlan. Triggered by CR-9801. Resolved using TSG-271.,team-apps,,East US 2
INC-2115,AAD — Conditional Access Policy Loop — North EU,Sev2,Resolved,2024-09-20T11:00:00.000Z,2024-09-20T11:43:00.000Z,43 min,svc-aad|svc-ado,comp-aadSTS,CR-9930,TSG-195,AADSTS53003,"~13,775 customers — MFA loop for enterprise tenants — users locked out",MFA loop for enterprise tenants — users locked out. Root component: comp-aadSTS. Triggered by CR-9930. Resolved using TSG-195.,team-aad,INC-2013,West US 2
INC-2543,Azure DevOps — Pipeline Execution Failures — West US 2,Sev1,Resolved,2024-09-20T11:00:00.000Z,2024-09-20T13:51:00.000Z,171 min,svc-ado|svc-aad,comp-adoPipeline,,TSG-234,PipelineAgentUnreachable,"~22,277 customers — CI/CD pipelines queued — no available agents",CI/CD pipelines queued — no available agents. Root component: comp-adoPipeline. Resolved using TSG-234.,team-ado,,West US 2
INC-3021,Logic Apps — Trigger Recurrence Drift — North EU,Sev4,Resolved,2024-09-20T11:00:00.000Z,2024-09-20T11:25:00.000Z,25 min,svc-logicapps|svc-storage,comp-logicEngine,CR-9858,TSG-214,LogicApps-RecurrenceDrift,~431 customers — Scheduled workflows running late by up to 45min,Scheduled workflows running late by up to 45min. Root component: comp-logicEngine. Triggered by CR-9858. Resolved using TSG-214.,team-apps,INC-1586|INC-2370|INC-2854,UK South
INC-2090,ADO — Artifact Feed Unavailable — Australia East,Sev2,Resolved,2024-09-19T11:00:00.000Z,2024-09-19T12:12:00.000Z,72 min,svc-ado|svc-sql|svc-aad,comp-adoPipeline,,TSG-234,NuGet-503,"~10,746 customers — Package restore failures blocking all builds",Package restore failures blocking all builds. Root component: comp-adoPipeline. Resolved using TSG-234.,team-ado,INC-1065,Japan East
INC-3152,AKS — Node Pool OOM Eviction Storm — West US 2,Sev2,Resolved,2024-09-19T11:00:00.000Z,2024-09-19T11:51:00.000Z,51 min,svc-aks|svc-monitor|svc-acr,comp-aksNodepool,CR-9831,TSG-301,AKS-OOMEviction,"~13,112 customers — Pods evicted across multiple nodes — service disruption",Pods evicted across multiple nodes — service disruption. Root component: comp-aksNodepool. Triggered by CR-9831. Resolved using TSG-301.,team-containers,,West US 2
INC-3368,Azure SQL — TLS Handshake Timeout Cascade — Australia East,Sev2,Resolved,2024-09-19T11:00:00.000Z,2024-09-19T11:43:00.000Z,43 min,svc-sql,comp-sqlGW,,TSG-319,SSL_ERROR_HANDSHAKE_FAILURE,"~15,210 customers — CI/CD pipeline SQL checks failing — connection pool exhaustion",CI/CD pipeline SQL checks failing — connection pool exhaustion. Root component: comp-sqlGW. Resolved using TSG-319.,team-sql,INC-2595|INC-2005,Australia East
INC-1260,Cosmos DB — Index Policy Rebuild Timeout — Southeast Asia,Sev3,Mitigating,2024-09-18T11:00:00.000Z,,,svc-cosmos|svc-functions|svc-aad,comp-cosmosRU,,,CosmosDB-IndexBuildTimeout,~464 customers — Queries returning full scans — 100× latency increase,Queries returning full scans — 100× latency increase. Root component: comp-cosmosRU.,team-cosmos,INC-1257|INC-2847,Australia East
INC-1365,Azure SQL — TLS Handshake Timeout Cascade — UK South,Sev4,Resolved,2024-09-18T11:00:00.000Z,2024-09-18T11:12:00.000Z,12 min,svc-sql|svc-ado,comp-sqlGW,,,SSL_ERROR_HANDSHAKE_FAILURE,~387 customers — CI/CD pipeline SQL checks failing — connection pool exhaustion,CI/CD pipeline SQL checks failing — connection pool exhaustion. Root component: comp-sqlGW.,team-sql,,East US
INC-2796,Logic Apps — Connector Timeout on Large Payload — East US,Sev2,Resolved,2024-09-18T11:00:00.000Z,2024-09-18T12:10:00.000Z,70 min,svc-logicapps|svc-svcbus,comp-logicEngine,CR-9771,TSG-214,LogicApps-PayloadOverflow,"~16,017 customers — File processing workflows failing on payloads > 100MB",File processing workflows failing on payloads > 100MB. Root component: comp-logicEngine. Triggered by CR-9771. Resolved using TSG-214.,team-apps,INC-1750|INC-2466|INC-2684,East US 2
INC-1684,Key Vault — Certificate Auto-Renewal Stuck — Japan East,Sev3,Resolved,2024-09-17T11:00:00.000Z,2024-09-17T11:36:00.000Z,36 min,svc-keyvault|svc-evhub|svc-svcbus,comp-kvHSM,,TSG-255,CertRenewalFailed,~655 customers — SSL certificates nearing expiry — manual intervention needed,SSL certificates nearing expiry — manual intervention needed. Root component: comp-kvHSM. Resolved using TSG-255.,team-sec,INC-1449|INC-1229,Australia East
INC-2475,Functions — Cold Start Spike > 30s — East US,Sev2,Resolved,2024-09-17T11:00:00.000Z,2024-09-17T11:56:00.000Z,56 min,svc-functions,comp-funcHost,CR-9864,TSG-265,Functions-ColdStartTimeout,"~2,402 customers — First invocations timing out — event-driven workflows stalling",First invocations timing out — event-driven workflows stalling. Root component: comp-funcHost. Triggered by CR-9864. Resolved using TSG-265.,team-apps,INC-1746|INC-1837,West US 2
INC-2908,Azure Event Hub — Throughput Degradation — Southeast Asia,Sev3,Resolved,2024-09-17T11:00:00.000Z,2024-09-17T11:13:00.000Z,13 min,svc-evhub|svc-monitor,comp-evhubNS,CR-9774,,EventHubThrottlingException,"~3,511 customers — Consumer group lag accumulating — message delivery delay >90s",Consumer group lag accumulating — message delivery delay >90s. Root component: comp-evhubNS. Triggered by CR-9774.,team-msg,INC-1738|INC-1937,East US
INC-1750,Monitor — Log Analytics Ingestion Lag — Australia East,Sev3,Resolved,2024-09-16T11:00:00.000Z,2024-09-16T11:13:00.000Z,13 min,svc-monitor|svc-aks,comp-logAnalytics,CR-9879,TSG-221,IngestionLag,"~2,441 customers — Dashboards showing stale data — oncall missing signals",Dashboards showing stale data — oncall missing signals. Root component: comp-logAnalytics. Triggered by CR-9879. Resolved using TSG-221.,team-obs,INC-1738|INC-1363,West US 2
INC-1767,AAD STS — Certificate Chain Mismatch — East US 2,Sev0,Resolved,2024-09-16T11:00:00.000Z,2024-09-16T15:48:00.000Z,288 min,svc-aad|svc-appSvc|svc-aks,comp-aadSTS,,TSG-195,AADSTS700027,"~241,723 customers — Token signing validation failures — 23% of auth requests rejected",Token signing validation failures — 23% of auth requests rejected. Root component: comp-aadSTS. Resolved using TSG-195.,team-aad,,East US
INC-1983,Cosmos DB — Index Policy Rebuild Timeout — East US 2,Sev3,Resolved,2024-09-16T11:00:00.000Z,2024-09-16T11:35:00.000Z,35 min,svc-cosmos,comp-cosmosRU,CR-9915,TSG-309,CosmosDB-IndexBuildTimeout,"~4,886 customers — Queries returning full scans — 100× latency increase",Queries returning full scans — 100× latency increase. Root component: comp-cosmosRU. Triggered by CR-9915. Resolved using TSG-309.,team-cosmos,,UK South
INC-2700,Redis — Memory Eviction Storm — East US 2,Sev2,Resolved,2024-09-16T11:00:00.000Z,2024-09-16T12:04:00.000Z,64 min,svc-redis,comp-redisCluster,CR-9915,TSG-279,Redis-OOM-MaxMemory,"~29,598 customers — Hot keys evicted — session data lost for ~5% active users",Hot keys evicted — session data lost for ~5% active users. Root component: comp-redisCluster. Triggered by CR-9915. Resolved using TSG-279.,team-cache,INC-1270|INC-2370,Australia East
INC-2753,Azure SQL — Replication Lag > 30s — West US 2,Sev3,Resolved,2024-09-16T11:00:00.000Z,2024-09-16T11:15:00.000Z,15 min,svc-sql,comp-sqlEngine,CR-9798,TSG-319,SQLReplicationLag,"~1,955 customers — Read replicas serving stale data — reporting discrepancies",Read replicas serving stale data — reporting discrepancies. Root component: comp-sqlEngine. Triggered by CR-9798. Resolved using TSG-319.,team-sql,,East US 2
INC-3175,CDN — Cache Purge Propagation Delay — North EU,Sev3,Mitigating,2024-09-16T11:00:00.000Z,,,svc-cdn|svc-storage,comp-cdnPOP,CR-9789,,CDN-PurgeTimeout,"~4,374 customers — Stale content served after deployment — 5% of users seeing old UI",Stale content served after deployment — 5% of users seeing old UI. Root component: comp-cdnPOP. Triggered by CR-9789.,team-net,,Southeast Asia
INC-3215,SQL DB — Deadlock Storm on High-Traffic Table — West US 2,Sev3,Mitigating,2024-09-16T11:00:00.000Z,,,svc-sql|svc-keyvault,comp-sqlEngine,CR-9789,TSG-319,SQL-1205-Deadlock,"~3,294 customers — Transaction rollbacks affecting financial reporting jobs",Transaction rollbacks affecting financial reporting jobs. Root component: comp-sqlEngine. Triggered by CR-9789. Resolved using TSG-319.,team-sql,,North EU
INC-3420,AKS — CoreDNS Resolution Failures — North EU,Sev2,Active,2024-09-16T11:00:00.000Z,,,svc-aks|svc-monitor,comp-aksCP,,,AKS-DNSResolutionFailure,"~7,688 customers — Inter-pod service discovery broken — microservices can't connect",Inter-pod service discovery broken — microservices can't connect. Root component: comp-aksCP.,team-containers,INC-2370|INC-1463,UK South
INC-1662,AKS — Upgrade Version Skew Crash — Southeast Asia,Sev4,Resolved,2024-09-15T11:00:00.000Z,2024-09-15T11:14:00.000Z,14 min,svc-aks|svc-keyvault|svc-lb,comp-aksCP,,TSG-301,AKS-VersionSkewError,~294 customers — Mixed node versions causing scheduler failures,Mixed node versions causing scheduler failures. Root component: comp-aksCP. Resolved using TSG-301.,team-containers,INC-1153,North EU
INC-1695,ADO — Artifact Feed Unavailable — North EU,Sev3,Resolved,2024-09-15T11:00:00.000Z,2024-09-15T11:43:00.000Z,43 min,svc-ado|svc-acr|svc-aad,comp-adoPipeline,,TSG-234,NuGet-503,"~2,356 customers — Package restore failures blocking all builds",Package restore failures blocking all builds. Root component: comp-adoPipeline. Resolved using TSG-234.,team-ado,,Southeast Asia
INC-2037,Functions — Storage Trigger Polling Lag — East US 2,Sev3,Mitigating,2024-09-15T11:00:00.000Z,,,svc-functions,comp-funcHost,,,Functions-StorageTriggerLag,"~3,319 customers — Blob-triggered functions delayed 10–20min — batch pipelines impacted",Blob-triggered functions delayed 10–20min — batch pipelines impacted. Root component: comp-funcHost.,team-apps,INC-1561,Japan East
INC-1023,Azure Event Hub — Throughput Degradation — UK South,Sev3,Resolved,2024-09-12T11:00:00.000Z,2024-09-12T11:53:00.000Z,53 min,svc-evhub|svc-functions,comp-evhubNS,,,EventHubThrottlingException,"~2,028 customers — Consumer group lag accumulating — message delivery delay >90s",Consumer group lag accumulating — message delivery delay >90s. Root component: comp-evhubNS.,team-msg,,West US 2
INC-1811,LB — Backend Pool Drain During Deployment — West US 2,Sev4,Resolved,2024-09-12T11:00:00.000Z,2024-09-12T11:23:00.000Z,23 min,svc-lb|svc-apim|svc-appSvc,comp-lbBackend,CR-9924,TSG-227,LB-BackendDrainTimeout,~321 customers — Zero-downtime deployment stalled — old pods receiving traffic,Zero-downtime deployment stalled — old pods receiving traffic. Root component: comp-lbBackend. Triggered by CR-9924. Resolved using TSG-227.,team-net,INC-1244,Japan East
INC-3082,APIM Developer Portal — Identity Login Broken — East US,Sev4,Active,2024-09-12T11:00:00.000Z,,,svc-apim|svc-lb,comp-apimPortal,CR-9858,TSG-248,APIM-Portal-OIDCFailed,~380 customers — External developers unable to test APIs — partner escalation,External developers unable to test APIs — partner escalation. Root component: comp-apimPortal. Triggered by CR-9858. Resolved using TSG-248.,team-net,INC-2759|INC-2235,East US
INC-3334,Cosmos DB — RU Throttling on Hot Partition — Australia East,Sev0,Resolved,2024-09-11T11:00:00.000Z,2024-09-11T15:05:00.000Z,245 min,svc-cosmos,comp-cosmosRU,,TSG-309,CosmosDB-429-TooManyRequests,"~393,423 customers — Document writes throttled — application backpressure accumulating",Document writes throttled — application backpressure accumulating. Root component: comp-cosmosRU. Resolved using TSG-309.,team-cosmos,INC-3161|INC-1653|INC-2021,East US
INC-1188,Logic Apps — Connector Timeout on Large Payload — Australia East,Sev2,Resolved,2024-09-10T11:00:00.000Z,2024-09-10T12:10:00.000Z,70 min,svc-logicapps|svc-storage,comp-logicEngine,CR-9816,TSG-214,LogicApps-PayloadOverflow,"~24,198 customers — File processing workflows failing on payloads > 100MB",File processing workflows failing on payloads > 100MB. Root component: comp-logicEngine. Triggered by CR-9816. Resolved using TSG-214.,team-apps,INC-1013|INC-1099|INC-1167,Australia East
INC-1853,APIM Developer Portal — Identity Login Broken — East US,Sev4,Resolved,2024-09-10T11:00:00.000Z,2024-09-10T11:13:00.000Z,13 min,svc-apim|svc-lb,comp-apimPortal,,,APIM-Portal-OIDCFailed,~250 customers — External developers unable to test APIs — partner escalation,External developers unable to test APIs — partner escalation. Root component: comp-apimPortal.,team-net,INC-1604|INC-1438,North EU
INC-1913,AKS — CoreDNS Resolution Failures — UK South,Sev2,Mitigating,2024-09-10T11:00:00.000Z,,,svc-aks|svc-keyvault|svc-aad,comp-aksCP,CR-9876,TSG-301,AKS-DNSResolutionFailure,"~19,643 customers — Inter-pod service discovery broken — microservices can't connect",Inter-pod service discovery broken — microservices can't connect. Root component: comp-aksCP. Triggered by CR-9876. Resolved using TSG-301.,team-containers,INC-1045|INC-1855,West US 2
INC-2769,ADO — Work Item Query Service Degradation — Japan East,Sev3,Resolved,2024-09-10T11:00:00.000Z,2024-09-10T11:41:00.000Z,41 min,svc-ado,comp-adoGit,,TSG-234,WIQLTimeout,~863 customers — Work item boards loading slowly — PM productivity impacted,Work item boards loading slowly — PM productivity impacted. Root component: comp-adoGit. Resolved using TSG-234.,team-ado,INC-1013|INC-1079,East US 2
INC-3524,Azure Monitor — Alert Processing Delay > 10min — Southeast Asia,Sev3,Resolved,2024-09-10T11:00:00.000Z,2024-09-10T11:14:00.000Z,14 min,svc-monitor|svc-svcbus,comp-monAlert,,TSG-221,AlertEvalBacklog,"~1,030 customers — Critical alerts firing 10-45min late — SLO at risk",Critical alerts firing 10-45min late — SLO at risk. Root component: comp-monAlert. Resolved using TSG-221.,team-obs,INC-2558,Australia East
INC-1400,ACR — Geo-Replication Sync Lag > 10min — Southeast Asia,Sev3,Resolved,2024-09-09T11:00:00.000Z,2024-09-09T11:51:00.000Z,51 min,svc-acr|svc-aks,comp-acrGeo,,TSG-241,ACR-GeoSyncTimeout,"~3,380 customers — Cross-region image availability degraded — DR runbooks at risk",Cross-region image availability degraded — DR runbooks at risk. Root component: comp-acrGeo. Resolved using TSG-241.,team-containers,INC-1219,Southeast Asia
INC-1428,ADO — Artifact Feed Unavailable — East US 2,Sev4,Active,2024-09-09T11:00:00.000Z,,,svc-ado|svc-aad,comp-adoPipeline,CR-9903,TSG-234,NuGet-503,~463 customers — Package restore failures blocking all builds,Package restore failures blocking all builds. Root component: comp-adoPipeline. Triggered by CR-9903. Resolved using TSG-234.,team-ado,INC-1342|INC-3156,Southeast Asia
INC-2667,App Service — 503 Errors on Downstream SQL — East US 2,Sev3,Mitigating,2024-09-09T11:00:00.000Z,,,svc-appSvc,comp-appPlan,CR-9816,TSG-271,UpstreamConnectionFailure,"~2,278 customers — App Service apps returning 503 on DB-bound requests",App Service apps returning 503 on DB-bound requests. Root component: comp-appPlan. Triggered by CR-9816. Resolved using TSG-271.,team-apps,INC-1295|INC-2259,East US
INC-3041,ACR — Push Rate Limit Exceeded — Southeast Asia,Sev3,Resolved,2024-09-09T11:00:00.000Z,2024-09-09T11:59:00.000Z,59 min,svc-acr,comp-acrRegistry,CR-9855,TSG-241,ACR-RateLimitExceeded,"~3,257 customers — CI pipeline image pushes rejected — build artifacts lost",CI pipeline image pushes rejected — build artifacts lost. Root component: comp-acrRegistry. Triggered by CR-9855. Resolved using TSG-241.,team-containers,,Australia East
INC-1034,AAD STS — Certificate Chain Mismatch — East US 2,Sev2,Resolved,2024-09-08T11:00:00.000Z,2024-09-08T11:26:00.000Z,26 min,svc-aad|svc-ado,comp-aadSTS,CR-9825,,AADSTS700027,"~21,234 customers — Token signing validation failures — 23% of auth requests rejected",Token signing validation failures — 23% of auth requests rejected. Root component: comp-aadSTS. Triggered by CR-9825.,team-aad,INC-1017|INC-3156|INC-2847,Australia East
INC-1507,Azure DevOps — Pipeline Execution Failures — Japan East,Sev2,Resolved,2024-09-08T11:00:00.000Z,2024-09-08T12:04:00.000Z,64 min,svc-ado|svc-acr,comp-adoPipeline,,TSG-234,PipelineAgentUnreachable,"~21,470 customers — CI/CD pipelines queued — no available agents",CI/CD pipelines queued — no available agents. Root component: comp-adoPipeline. Resolved using TSG-234.,team-ado,,East US 2
INC-3659,CDN — Cache Purge Propagation Delay — North EU,Sev3,Resolved,2024-09-08T11:00:00.000Z,2024-09-08T11:47:00.000Z,47 min,svc-cdn,comp-cdnPOP,,TSG-309,CDN-PurgeTimeout,"~2,915 customers — Stale content served after deployment — 5% of users seeing old UI",Stale content served after deployment — 5% of users seeing old UI. Root component: comp-cdnPOP. Resolved using TSG-309.,team-net,INC-2054,Southeast Asia
INC-2843,AKS — CoreDNS Resolution Failures — North EU,Sev2,Active,2024-09-07T11:00:00.000Z,,,svc-aks|svc-acr,comp-aksCP,,,AKS-DNSResolutionFailure,"~26,771 customers — Inter-pod service discovery broken — microservices can't connect",Inter-pod service discovery broken — microservices can't connect. Root component: comp-aksCP.,team-containers,INC-1065|INC-1614,UK South